"","Year","Circuit","Lat","Lng"
"1",1950,"Silverstone Circuit",52.0786,-1.01694
"2",1950,"Circuit de Monaco",43.7347,7.42056
"3",1950,"Indianapolis Motor Speedway",39.795,-86.2347
"4",1950,"Circuit Bremgarten",46.9589,7.40194
"5",1950,"Circuit de Spa-Francorchamps",50.4372,5.97139
"6",1950,"Reims-Gueux",49.2542,3.93083
"7",1950,"Autodromo Nazionale di Monza",45.6156,9.28111
"8",1951,"Circuit Bremgarten",46.9589,7.40194
"9",1951,"Indianapolis Motor Speedway",39.795,-86.2347
"10",1951,"Circuit de Spa-Francorchamps",50.4372,5.97139
"11",1951,"Reims-Gueux",49.2542,3.93083
"12",1951,"Silverstone Circuit",52.0786,-1.01694
"13",1951,"Nurburgring",50.3356,6.9475
"14",1951,"Autodromo Nazionale di Monza",45.6156,9.28111
"15",1951,"Circuit de Pedralbes",41.3903,2.11667
"16",1952,"Circuit Bremgarten",46.9589,7.40194
"17",1952,"Indianapolis Motor Speedway",39.795,-86.2347
"18",1952,"Circuit de Spa-Francorchamps",50.4372,5.97139
"19",1952,"Rouen-Les-Essarts",49.3306,1.00458
"20",1952,"Silverstone Circuit",52.0786,-1.01694
"21",1952,"Nurburgring",50.3356,6.9475
"22",1952,"Circuit Park Zandvoort",52.3888,4.54092
"23",1952,"Autodromo Nazionale di Monza",45.6156,9.28111
"24",1953,"Autódromo Juan y Oscar Gálvez",-34.6943,-58.4593
"25",1953,"Indianapolis Motor Speedway",39.795,-86.2347
"26",1953,"Circuit Park Zandvoort",52.3888,4.54092
"27",1953,"Circuit de Spa-Francorchamps",50.4372,5.97139
"28",1953,"Reims-Gueux",49.2542,3.93083
"29",1953,"Silverstone Circuit",52.0786,-1.01694
"30",1953,"Nurburgring",50.3356,6.9475
"31",1953,"Circuit Bremgarten",46.9589,7.40194
"32",1953,"Autodromo Nazionale di Monza",45.6156,9.28111
"33",1954,"Autódromo Juan y Oscar Gálvez",-34.6943,-58.4593
"34",1954,"Indianapolis Motor Speedway",39.795,-86.2347
"35",1954,"Circuit de Spa-Francorchamps",50.4372,5.97139
"36",1954,"Reims-Gueux",49.2542,3.93083
"37",1954,"Silverstone Circuit",52.0786,-1.01694
"38",1954,"Nurburgring",50.3356,6.9475
"39",1954,"Circuit Bremgarten",46.9589,7.40194
"40",1954,"Autodromo Nazionale di Monza",45.6156,9.28111
"41",1954,"Circuit de Pedralbes",41.3903,2.11667
"42",1955,"Autódromo Juan y Oscar Gálvez",-34.6943,-58.4593
"43",1955,"Circuit de Monaco",43.7347,7.42056
"44",1955,"Indianapolis Motor Speedway",39.795,-86.2347
"45",1955,"Circuit de Spa-Francorchamps",50.4372,5.97139
"46",1955,"Circuit Park Zandvoort",52.3888,4.54092
"47",1955,"Aintree",53.4769,-2.94056
"48",1955,"Autodromo Nazionale di Monza",45.6156,9.28111
"49",1956,"Autódromo Juan y Oscar Gálvez",-34.6943,-58.4593
"50",1956,"Autódromo Juan y Oscar Gálvez",-34.6943,-58.4593
"51",1956,"Circuit de Monaco",43.7347,7.42056
"52",1956,"Indianapolis Motor Speedway",39.795,-86.2347
"53",1956,"Circuit de Spa-Francorchamps",50.4372,5.97139
"54",1956,"Reims-Gueux",49.2542,3.93083
"55",1956,"Silverstone Circuit",52.0786,-1.01694
"56",1956,"Nurburgring",50.3356,6.9475
"57",1956,"Autodromo Nazionale di Monza",45.6156,9.28111
"58",1957,"Autódromo Juan y Oscar Gálvez",-34.6943,-58.4593
"59",1957,"Circuit de Monaco",43.7347,7.42056
"60",1957,"Indianapolis Motor Speedway",39.795,-86.2347
"61",1957,"Rouen-Les-Essarts",49.3306,1.00458
"62",1957,"Aintree",53.4769,-2.94056
"63",1957,"Nurburgring",50.3356,6.9475
"64",1957,"Pescara Circuit",42.475,14.1508
"65",1957,"Autodromo Nazionale di Monza",45.6156,9.28111
"66",1958,"Autódromo Juan y Oscar Gálvez",-34.6943,-58.4593
"67",1958,"Circuit de Monaco",43.7347,7.42056
"68",1958,"Circuit Park Zandvoort",52.3888,4.54092
"69",1958,"Indianapolis Motor Speedway",39.795,-86.2347
"70",1958,"Circuit de Spa-Francorchamps",50.4372,5.97139
"71",1958,"Reims-Gueux",49.2542,3.93083
"72",1958,"Silverstone Circuit",52.0786,-1.01694
"73",1958,"Nurburgring",50.3356,6.9475
"74",1958,"Circuito da Boavista",41.1705,-8.67325
"75",1958,"Autodromo Nazionale di Monza",45.6156,9.28111
"76",1958,"Ain Diab",33.5786,-7.6875
"77",1959,"Circuit de Monaco",43.7347,7.42056
"78",1959,"Indianapolis Motor Speedway",39.795,-86.2347
"79",1959,"Circuit Park Zandvoort",52.3888,4.54092
"80",1959,"Reims-Gueux",49.2542,3.93083
"81",1959,"Aintree",53.4769,-2.94056
"82",1959,"AVUS",52.4806,13.2514
"83",1959,"Monsanto Park Circuit",38.7197,-9.20306
"84",1959,"Autodromo Nazionale di Monza",45.6156,9.28111
"85",1959,"Sebring International Raceway",27.4547,-81.3483
"86",1960,"Autódromo Juan y Oscar Gálvez",-34.6943,-58.4593
"87",1960,"Circuit de Monaco",43.7347,7.42056
"88",1960,"Indianapolis Motor Speedway",39.795,-86.2347
"89",1960,"Circuit Park Zandvoort",52.3888,4.54092
"90",1960,"Circuit de Spa-Francorchamps",50.4372,5.97139
"91",1960,"Reims-Gueux",49.2542,3.93083
"92",1960,"Silverstone Circuit",52.0786,-1.01694
"93",1960,"Circuito da Boavista",41.1705,-8.67325
"94",1960,"Autodromo Nazionale di Monza",45.6156,9.28111
"95",1960,"Riverside International Raceway",33.937,-117.273
"96",1961,"Circuit de Monaco",43.7347,7.42056
"97",1961,"Circuit Park Zandvoort",52.3888,4.54092
"98",1961,"Circuit de Spa-Francorchamps",50.4372,5.97139
"99",1961,"Reims-Gueux",49.2542,3.93083
"100",1961,"Aintree",53.4769,-2.94056
"101",1961,"Nurburgring",50.3356,6.9475
"102",1961,"Autodromo Nazionale di Monza",45.6156,9.28111
"103",1961,"Watkins Glen",42.3369,-76.9272
"104",1962,"Circuit Park Zandvoort",52.3888,4.54092
"105",1962,"Circuit de Monaco",43.7347,7.42056
"106",1962,"Circuit de Spa-Francorchamps",50.4372,5.97139
"107",1962,"Rouen-Les-Essarts",49.3306,1.00458
"108",1962,"Aintree",53.4769,-2.94056
"109",1962,"Nurburgring",50.3356,6.9475
"110",1962,"Autodromo Nazionale di Monza",45.6156,9.28111
"111",1962,"Watkins Glen",42.3369,-76.9272
"112",1962,"Prince George Circuit",-33.0486,27.8736
"113",1963,"Circuit de Monaco",43.7347,7.42056
"114",1963,"Circuit de Spa-Francorchamps",50.4372,5.97139
"115",1963,"Circuit Park Zandvoort",52.3888,4.54092
"116",1963,"Reims-Gueux",49.2542,3.93083
"117",1963,"Silverstone Circuit",52.0786,-1.01694
"118",1963,"Nurburgring",50.3356,6.9475
"119",1963,"Autodromo Nazionale di Monza",45.6156,9.28111
"120",1963,"Watkins Glen",42.3369,-76.9272
"121",1963,"Autódromo Hermanos Rodríguez",19.4042,-99.0907
"122",1963,"Prince George Circuit",-33.0486,27.8736
"123",1964,"Circuit de Monaco",43.7347,7.42056
"124",1964,"Circuit Park Zandvoort",52.3888,4.54092
"125",1964,"Circuit de Spa-Francorchamps",50.4372,5.97139
"126",1964,"Rouen-Les-Essarts",49.3306,1.00458
"127",1964,"Brands Hatch",51.3569,0.263056
"128",1964,"Nurburgring",50.3356,6.9475
"129",1964,"Zeltweg",47.2039,14.7478
"130",1964,"Autodromo Nazionale di Monza",45.6156,9.28111
"131",1964,"Watkins Glen",42.3369,-76.9272
"132",1964,"Autódromo Hermanos Rodríguez",19.4042,-99.0907
"133",1965,"Prince George Circuit",-33.0486,27.8736
"134",1965,"Circuit de Monaco",43.7347,7.42056
"135",1965,"Circuit de Spa-Francorchamps",50.4372,5.97139
"136",1965,"Charade Circuit",45.7472,3.03889
"137",1965,"Silverstone Circuit",52.0786,-1.01694
"138",1965,"Circuit Park Zandvoort",52.3888,4.54092
"139",1965,"Nurburgring",50.3356,6.9475
"140",1965,"Autodromo Nazionale di Monza",45.6156,9.28111
"141",1965,"Watkins Glen",42.3369,-76.9272
"142",1965,"Autódromo Hermanos Rodríguez",19.4042,-99.0907
"143",1966,"Circuit de Monaco",43.7347,7.42056
"144",1966,"Circuit de Spa-Francorchamps",50.4372,5.97139
"145",1966,"Reims-Gueux",49.2542,3.93083
"146",1966,"Brands Hatch",51.3569,0.263056
"147",1966,"Circuit Park Zandvoort",52.3888,4.54092
"148",1966,"Nurburgring",50.3356,6.9475
"149",1966,"Autodromo Nazionale di Monza",45.6156,9.28111
"150",1966,"Watkins Glen",42.3369,-76.9272
"151",1966,"Autódromo Hermanos Rodríguez",19.4042,-99.0907
"152",1967,"Kyalami",-25.9894,28.0767
"153",1967,"Circuit de Monaco",43.7347,7.42056
"154",1967,"Circuit Park Zandvoort",52.3888,4.54092
"155",1967,"Circuit de Spa-Francorchamps",50.4372,5.97139
"156",1967,"Le Mans",47.95,0.224231
"157",1967,"Silverstone Circuit",52.0786,-1.01694
"158",1967,"Nurburgring",50.3356,6.9475
"159",1967,"Mosport International Raceway",44.0481,-78.6756
"160",1967,"Autodromo Nazionale di Monza",45.6156,9.28111
"161",1967,"Watkins Glen",42.3369,-76.9272
"162",1967,"Autódromo Hermanos Rodríguez",19.4042,-99.0907
"163",1968,"Kyalami",-25.9894,28.0767
"164",1968,"Jarama",40.6171,-3.58558
"165",1968,"Circuit de Monaco",43.7347,7.42056
"166",1968,"Circuit de Spa-Francorchamps",50.4372,5.97139
"167",1968,"Circuit Park Zandvoort",52.3888,4.54092
"168",1968,"Rouen-Les-Essarts",49.3306,1.00458
"169",1968,"Brands Hatch",51.3569,0.263056
"170",1968,"Nurburgring",50.3356,6.9475
"171",1968,"Autodromo Nazionale di Monza",45.6156,9.28111
"172",1968,"Circuit Mont-Tremblant",46.1877,-74.6099
"173",1968,"Watkins Glen",42.3369,-76.9272
"174",1968,"Autódromo Hermanos Rodríguez",19.4042,-99.0907
"175",1969,"Kyalami",-25.9894,28.0767
"176",1969,"Montjuïc",41.3664,2.15167
"177",1969,"Circuit de Monaco",43.7347,7.42056
"178",1969,"Circuit Park Zandvoort",52.3888,4.54092
"179",1969,"Charade Circuit",45.7472,3.03889
"180",1969,"Silverstone Circuit",52.0786,-1.01694
"181",1969,"Nurburgring",50.3356,6.9475
"182",1969,"Autodromo Nazionale di Monza",45.6156,9.28111
"183",1969,"Mosport International Raceway",44.0481,-78.6756
"184",1969,"Watkins Glen",42.3369,-76.9272
"185",1969,"Autódromo Hermanos Rodríguez",19.4042,-99.0907
"186",1970,"Kyalami",-25.9894,28.0767
"187",1970,"Jarama",40.6171,-3.58558
"188",1970,"Circuit de Monaco",43.7347,7.42056
"189",1970,"Circuit de Spa-Francorchamps",50.4372,5.97139
"190",1970,"Circuit Park Zandvoort",52.3888,4.54092
"191",1970,"Charade Circuit",45.7472,3.03889
"192",1970,"Brands Hatch",51.3569,0.263056
"193",1970,"Hockenheimring",49.3278,8.56583
"194",1970,"A1-Ring",47.2197,14.7647
"195",1970,"Autodromo Nazionale di Monza",45.6156,9.28111
"196",1970,"Circuit Mont-Tremblant",46.1877,-74.6099
"197",1970,"Watkins Glen",42.3369,-76.9272
"198",1970,"Autódromo Hermanos Rodríguez",19.4042,-99.0907
"199",1971,"Kyalami",-25.9894,28.0767
"200",1971,"Montjuïc",41.3664,2.15167
"201",1971,"Circuit de Monaco",43.7347,7.42056
"202",1971,"Circuit Park Zandvoort",52.3888,4.54092
"203",1971,"Circuit Paul Ricard",43.2506,5.79167
"204",1971,"Silverstone Circuit",52.0786,-1.01694
"205",1971,"Nurburgring",50.3356,6.9475
"206",1971,"A1-Ring",47.2197,14.7647
"207",1971,"Autodromo Nazionale di Monza",45.6156,9.28111
"208",1971,"Mosport International Raceway",44.0481,-78.6756
"209",1971,"Watkins Glen",42.3369,-76.9272
"210",1972,"Autódromo Juan y Oscar Gálvez",-34.6943,-58.4593
"211",1972,"Kyalami",-25.9894,28.0767
"212",1972,"Jarama",40.6171,-3.58558
"213",1972,"Circuit de Monaco",43.7347,7.42056
"214",1972,"Nivelles-Baulers",50.6211,4.32694
"215",1972,"Charade Circuit",45.7472,3.03889
"216",1972,"Brands Hatch",51.3569,0.263056
"217",1972,"Nurburgring",50.3356,6.9475
"218",1972,"A1-Ring",47.2197,14.7647
"219",1972,"Autodromo Nazionale di Monza",45.6156,9.28111
"220",1972,"Mosport International Raceway",44.0481,-78.6756
"221",1972,"Watkins Glen",42.3369,-76.9272
"222",1973,"Autódromo Juan y Oscar Gálvez",-34.6943,-58.4593
"223",1973,"Autódromo Jose Carlos Pace",-23.7036,-46.6997
"224",1973,"Kyalami",-25.9894,28.0767
"225",1973,"Montjuïc",41.3664,2.15167
"226",1973,"Zolder",50.9894,5.25694
"227",1973,"Circuit de Monaco",43.7347,7.42056
"228",1973,"Scandinavian Raceway",57.2653,13.6042
"229",1973,"Circuit Paul Ricard",43.2506,5.79167
"230",1973,"Silverstone Circuit",52.0786,-1.01694
"231",1973,"Circuit Park Zandvoort",52.3888,4.54092
"232",1973,"Nurburgring",50.3356,6.9475
"233",1973,"A1-Ring",47.2197,14.7647
"234",1973,"Autodromo Nazionale di Monza",45.6156,9.28111
"235",1973,"Mosport International Raceway",44.0481,-78.6756
"236",1973,"Watkins Glen",42.3369,-76.9272
"237",1974,"Autódromo Juan y Oscar Gálvez",-34.6943,-58.4593
"238",1974,"Autódromo Jose Carlos Pace",-23.7036,-46.6997
"239",1974,"Kyalami",-25.9894,28.0767
"240",1974,"Jarama",40.6171,-3.58558
"241",1974,"Nivelles-Baulers",50.6211,4.32694
"242",1974,"Circuit de Monaco",43.7347,7.42056
"243",1974,"Scandinavian Raceway",57.2653,13.6042
"244",1974,"Circuit Park Zandvoort",52.3888,4.54092
"245",1974,"Dijon-Prenois",47.3625,4.89913
"246",1974,"Brands Hatch",51.3569,0.263056
"247",1974,"Nurburgring",50.3356,6.9475
"248",1974,"A1-Ring",47.2197,14.7647
"249",1974,"Autodromo Nazionale di Monza",45.6156,9.28111
"250",1974,"Mosport International Raceway",44.0481,-78.6756
"251",1974,"Watkins Glen",42.3369,-76.9272
"252",1975,"Autódromo Juan y Oscar Gálvez",-34.6943,-58.4593
"253",1975,"Autódromo Jose Carlos Pace",-23.7036,-46.6997
"254",1975,"Kyalami",-25.9894,28.0767
"255",1975,"Montjuïc",41.3664,2.15167
"256",1975,"Circuit de Monaco",43.7347,7.42056
"257",1975,"Zolder",50.9894,5.25694
"258",1975,"Scandinavian Raceway",57.2653,13.6042
"259",1975,"Circuit Park Zandvoort",52.3888,4.54092
"260",1975,"Circuit Paul Ricard",43.2506,5.79167
"261",1975,"Silverstone Circuit",52.0786,-1.01694
"262",1975,"Nurburgring",50.3356,6.9475
"263",1975,"A1-Ring",47.2197,14.7647
"264",1975,"Autodromo Nazionale di Monza",45.6156,9.28111
"265",1975,"Watkins Glen",42.3369,-76.9272
"266",1976,"Autódromo Jose Carlos Pace",-23.7036,-46.6997
"267",1976,"Kyalami",-25.9894,28.0767
"268",1976,"Long Beach",33.7651,-118.189
"269",1976,"Jarama",40.6171,-3.58558
"270",1976,"Zolder",50.9894,5.25694
"271",1976,"Circuit de Monaco",43.7347,7.42056
"272",1976,"Scandinavian Raceway",57.2653,13.6042
"273",1976,"Circuit Paul Ricard",43.2506,5.79167
"274",1976,"Brands Hatch",51.3569,0.263056
"275",1976,"Nurburgring",50.3356,6.9475
"276",1976,"A1-Ring",47.2197,14.7647
"277",1976,"Circuit Park Zandvoort",52.3888,4.54092
"278",1976,"Autodromo Nazionale di Monza",45.6156,9.28111
"279",1976,"Mosport International Raceway",44.0481,-78.6756
"280",1976,"Watkins Glen",42.3369,-76.9272
"281",1976,"Fuji Speedway",35.3717,138.927
"282",1977,"Autódromo Juan y Oscar Gálvez",-34.6943,-58.4593
"283",1977,"Autódromo Jose Carlos Pace",-23.7036,-46.6997
"284",1977,"Kyalami",-25.9894,28.0767
"285",1977,"Long Beach",33.7651,-118.189
"286",1977,"Jarama",40.6171,-3.58558
"287",1977,"Circuit de Monaco",43.7347,7.42056
"288",1977,"Zolder",50.9894,5.25694
"289",1977,"Scandinavian Raceway",57.2653,13.6042
"290",1977,"Dijon-Prenois",47.3625,4.89913
"291",1977,"Silverstone Circuit",52.0786,-1.01694
"292",1977,"Hockenheimring",49.3278,8.56583
"293",1977,"A1-Ring",47.2197,14.7647
"294",1977,"Circuit Park Zandvoort",52.3888,4.54092
"295",1977,"Autodromo Nazionale di Monza",45.6156,9.28111
"296",1977,"Watkins Glen",42.3369,-76.9272
"297",1977,"Mosport International Raceway",44.0481,-78.6756
"298",1977,"Fuji Speedway",35.3717,138.927
"299",1978,"Autódromo Juan y Oscar Gálvez",-34.6943,-58.4593
"300",1978,"Autódromo Internacional Nelson Piquet",-22.9756,-43.395
"301",1978,"Kyalami",-25.9894,28.0767
"302",1978,"Long Beach",33.7651,-118.189
"303",1978,"Circuit de Monaco",43.7347,7.42056
"304",1978,"Zolder",50.9894,5.25694
"305",1978,"Jarama",40.6171,-3.58558
"306",1978,"Scandinavian Raceway",57.2653,13.6042
"307",1978,"Circuit Paul Ricard",43.2506,5.79167
"308",1978,"Brands Hatch",51.3569,0.263056
"309",1978,"Hockenheimring",49.3278,8.56583
"310",1978,"A1-Ring",47.2197,14.7647
"311",1978,"Circuit Park Zandvoort",52.3888,4.54092
"312",1978,"Autodromo Nazionale di Monza",45.6156,9.28111
"313",1978,"Watkins Glen",42.3369,-76.9272
"314",1978,"Circuit Gilles Villeneuve",45.5,-73.5228
"315",1979,"Autódromo Juan y Oscar Gálvez",-34.6943,-58.4593
"316",1979,"Autódromo Jose Carlos Pace",-23.7036,-46.6997
"317",1979,"Kyalami",-25.9894,28.0767
"318",1979,"Long Beach",33.7651,-118.189
"319",1979,"Jarama",40.6171,-3.58558
"320",1979,"Zolder",50.9894,5.25694
"321",1979,"Circuit de Monaco",43.7347,7.42056
"322",1979,"Dijon-Prenois",47.3625,4.89913
"323",1979,"Silverstone Circuit",52.0786,-1.01694
"324",1979,"Hockenheimring",49.3278,8.56583
"325",1979,"A1-Ring",47.2197,14.7647
"326",1979,"Circuit Park Zandvoort",52.3888,4.54092
"327",1979,"Autodromo Nazionale di Monza",45.6156,9.28111
"328",1979,"Circuit Gilles Villeneuve",45.5,-73.5228
"329",1979,"Watkins Glen",42.3369,-76.9272
"330",1980,"Autódromo Juan y Oscar Gálvez",-34.6943,-58.4593
"331",1980,"Autódromo Jose Carlos Pace",-23.7036,-46.6997
"332",1980,"Kyalami",-25.9894,28.0767
"333",1980,"Long Beach",33.7651,-118.189
"334",1980,"Zolder",50.9894,5.25694
"335",1980,"Circuit de Monaco",43.7347,7.42056
"336",1980,"Circuit Paul Ricard",43.2506,5.79167
"337",1980,"Brands Hatch",51.3569,0.263056
"338",1980,"Hockenheimring",49.3278,8.56583
"339",1980,"A1-Ring",47.2197,14.7647
"340",1980,"Circuit Park Zandvoort",52.3888,4.54092
"341",1980,"Autodromo Enzo e Dino Ferrari",44.3439,11.7167
"342",1980,"Circuit Gilles Villeneuve",45.5,-73.5228
"343",1980,"Watkins Glen",42.3369,-76.9272
"344",1981,"Long Beach",33.7651,-118.189
"345",1981,"Autódromo Internacional Nelson Piquet",-22.9756,-43.395
"346",1981,"Autódromo Juan y Oscar Gálvez",-34.6943,-58.4593
"347",1981,"Autodromo Enzo e Dino Ferrari",44.3439,11.7167
"348",1981,"Zolder",50.9894,5.25694
"349",1981,"Circuit de Monaco",43.7347,7.42056
"350",1981,"Jarama",40.6171,-3.58558
"351",1981,"Dijon-Prenois",47.3625,4.89913
"352",1981,"Silverstone Circuit",52.0786,-1.01694
"353",1981,"Hockenheimring",49.3278,8.56583
"354",1981,"A1-Ring",47.2197,14.7647
"355",1981,"Circuit Park Zandvoort",52.3888,4.54092
"356",1981,"Autodromo Nazionale di Monza",45.6156,9.28111
"357",1981,"Circuit Gilles Villeneuve",45.5,-73.5228
"358",1981,"Las Vegas Street Circuit",36.1162,-115.174
"359",1982,"Kyalami",-25.9894,28.0767
"360",1982,"Autódromo Internacional Nelson Piquet",-22.9756,-43.395
"361",1982,"Long Beach",33.7651,-118.189
"362",1982,"Autodromo Enzo e Dino Ferrari",44.3439,11.7167
"363",1982,"Zolder",50.9894,5.25694
"364",1982,"Circuit de Monaco",43.7347,7.42056
"365",1982,"Detroit Street Circuit",42.3298,-83.0401
"366",1982,"Circuit Gilles Villeneuve",45.5,-73.5228
"367",1982,"Circuit Park Zandvoort",52.3888,4.54092
"368",1982,"Brands Hatch",51.3569,0.263056
"369",1982,"Circuit Paul Ricard",43.2506,5.79167
"370",1982,"Hockenheimring",49.3278,8.56583
"371",1982,"A1-Ring",47.2197,14.7647
"372",1982,"Dijon-Prenois",47.3625,4.89913
"373",1982,"Autodromo Nazionale di Monza",45.6156,9.28111
"374",1982,"Las Vegas Street Circuit",36.1162,-115.174
"375",1983,"Autódromo Internacional Nelson Piquet",-22.9756,-43.395
"376",1983,"Long Beach",33.7651,-118.189
"377",1983,"Circuit Paul Ricard",43.2506,5.79167
"378",1983,"Autodromo Enzo e Dino Ferrari",44.3439,11.7167
"379",1983,"Circuit de Monaco",43.7347,7.42056
"380",1983,"Circuit de Spa-Francorchamps",50.4372,5.97139
"381",1983,"Detroit Street Circuit",42.3298,-83.0401
"382",1983,"Circuit Gilles Villeneuve",45.5,-73.5228
"383",1983,"Silverstone Circuit",52.0786,-1.01694
"384",1983,"Hockenheimring",49.3278,8.56583
"385",1983,"A1-Ring",47.2197,14.7647
"386",1983,"Circuit Park Zandvoort",52.3888,4.54092
"387",1983,"Autodromo Nazionale di Monza",45.6156,9.28111
"388",1983,"Brands Hatch",51.3569,0.263056
"389",1983,"Kyalami",-25.9894,28.0767
"390",1984,"Autódromo Internacional Nelson Piquet",-22.9756,-43.395
"391",1984,"Kyalami",-25.9894,28.0767
"392",1984,"Zolder",50.9894,5.25694
"393",1984,"Autodromo Enzo e Dino Ferrari",44.3439,11.7167
"394",1984,"Dijon-Prenois",47.3625,4.89913
"395",1984,"Circuit de Monaco",43.7347,7.42056
"396",1984,"Circuit Gilles Villeneuve",45.5,-73.5228
"397",1984,"Detroit Street Circuit",42.3298,-83.0401
"398",1984,"Fair Park",32.7774,-96.7587
"399",1984,"Brands Hatch",51.3569,0.263056
"400",1984,"Hockenheimring",49.3278,8.56583
"401",1984,"A1-Ring",47.2197,14.7647
"402",1984,"Circuit Park Zandvoort",52.3888,4.54092
"403",1984,"Autodromo Nazionale di Monza",45.6156,9.28111
"404",1984,"Nurburgring",50.3356,6.9475
"405",1984,"Autódromo do Estoril",38.7506,-9.39417
"406",1985,"Autódromo Internacional Nelson Piquet",-22.9756,-43.395
"407",1985,"Autódromo do Estoril",38.7506,-9.39417
"408",1985,"Autodromo Enzo e Dino Ferrari",44.3439,11.7167
"409",1985,"Circuit de Monaco",43.7347,7.42056
"410",1985,"Circuit Gilles Villeneuve",45.5,-73.5228
"411",1985,"Detroit Street Circuit",42.3298,-83.0401
"412",1985,"Circuit Paul Ricard",43.2506,5.79167
"413",1985,"Silverstone Circuit",52.0786,-1.01694
"414",1985,"Nurburgring",50.3356,6.9475
"415",1985,"A1-Ring",47.2197,14.7647
"416",1985,"Circuit Park Zandvoort",52.3888,4.54092
"417",1985,"Autodromo Nazionale di Monza",45.6156,9.28111
"418",1985,"Circuit de Spa-Francorchamps",50.4372,5.97139
"419",1985,"Brands Hatch",51.3569,0.263056
"420",1985,"Kyalami",-25.9894,28.0767
"421",1985,"Adelaide Street Circuit",-34.9272,138.617
"422",1986,"Autódromo Internacional Nelson Piquet",-22.9756,-43.395
"423",1986,"Circuito de Jerez",36.7083,-6.03417
"424",1986,"Autodromo Enzo e Dino Ferrari",44.3439,11.7167
"425",1986,"Circuit de Monaco",43.7347,7.42056
"426",1986,"Circuit de Spa-Francorchamps",50.4372,5.97139
"427",1986,"Circuit Gilles Villeneuve",45.5,-73.5228
"428",1986,"Detroit Street Circuit",42.3298,-83.0401
"429",1986,"Circuit Paul Ricard",43.2506,5.79167
"430",1986,"Brands Hatch",51.3569,0.263056
"431",1986,"Hockenheimring",49.3278,8.56583
"432",1986,"Hungaroring",47.5789,19.2486
"433",1986,"A1-Ring",47.2197,14.7647
"434",1986,"Autodromo Nazionale di Monza",45.6156,9.28111
"435",1986,"Autódromo do Estoril",38.7506,-9.39417
"436",1986,"Autódromo Hermanos Rodríguez",19.4042,-99.0907
"437",1986,"Adelaide Street Circuit",-34.9272,138.617
"438",1987,"Autódromo Internacional Nelson Piquet",-22.9756,-43.395
"439",1987,"Autodromo Enzo e Dino Ferrari",44.3439,11.7167
"440",1987,"Circuit de Spa-Francorchamps",50.4372,5.97139
"441",1987,"Circuit de Monaco",43.7347,7.42056
"442",1987,"Detroit Street Circuit",42.3298,-83.0401
"443",1987,"Circuit Paul Ricard",43.2506,5.79167
"444",1987,"Silverstone Circuit",52.0786,-1.01694
"445",1987,"Hockenheimring",49.3278,8.56583
"446",1987,"Hungaroring",47.5789,19.2486
"447",1987,"A1-Ring",47.2197,14.7647
"448",1987,"Autodromo Nazionale di Monza",45.6156,9.28111
"449",1987,"Autódromo do Estoril",38.7506,-9.39417
"450",1987,"Circuito de Jerez",36.7083,-6.03417
"451",1987,"Autódromo Hermanos Rodríguez",19.4042,-99.0907
"452",1987,"Suzuka Circuit",34.8431,136.541
"453",1987,"Adelaide Street Circuit",-34.9272,138.617
"454",1988,"Autódromo Internacional Nelson Piquet",-22.9756,-43.395
"455",1988,"Autodromo Enzo e Dino Ferrari",44.3439,11.7167
"456",1988,"Circuit de Monaco",43.7347,7.42056
"457",1988,"Autódromo Hermanos Rodríguez",19.4042,-99.0907
"458",1988,"Circuit Gilles Villeneuve",45.5,-73.5228
"459",1988,"Detroit Street Circuit",42.3298,-83.0401
"460",1988,"Circuit Paul Ricard",43.2506,5.79167
"461",1988,"Silverstone Circuit",52.0786,-1.01694
"462",1988,"Hockenheimring",49.3278,8.56583
"463",1988,"Hungaroring",47.5789,19.2486
"464",1988,"Circuit de Spa-Francorchamps",50.4372,5.97139
"465",1988,"Autodromo Nazionale di Monza",45.6156,9.28111
"466",1988,"Autódromo do Estoril",38.7506,-9.39417
"467",1988,"Circuito de Jerez",36.7083,-6.03417
"468",1988,"Suzuka Circuit",34.8431,136.541
"469",1988,"Adelaide Street Circuit",-34.9272,138.617
"470",1989,"Autódromo Internacional Nelson Piquet",-22.9756,-43.395
"471",1989,"Autodromo Enzo e Dino Ferrari",44.3439,11.7167
"472",1989,"Circuit de Monaco",43.7347,7.42056
"473",1989,"Autódromo Hermanos Rodríguez",19.4042,-99.0907
"474",1989,"Phoenix street circuit",33.4479,-112.075
"475",1989,"Circuit Gilles Villeneuve",45.5,-73.5228
"476",1989,"Circuit Paul Ricard",43.2506,5.79167
"477",1989,"Silverstone Circuit",52.0786,-1.01694
"478",1989,"Hockenheimring",49.3278,8.56583
"479",1989,"Hungaroring",47.5789,19.2486
"480",1989,"Circuit de Spa-Francorchamps",50.4372,5.97139
"481",1989,"Autodromo Nazionale di Monza",45.6156,9.28111
"482",1989,"Autódromo do Estoril",38.7506,-9.39417
"483",1989,"Circuito de Jerez",36.7083,-6.03417
"484",1989,"Suzuka Circuit",34.8431,136.541
"485",1989,"Adelaide Street Circuit",-34.9272,138.617
"486",1990,"Phoenix street circuit",33.4479,-112.075
"487",1990,"Autódromo Jose Carlos Pace",-23.7036,-46.6997
"488",1990,"Autodromo Enzo e Dino Ferrari",44.3439,11.7167
"489",1990,"Circuit de Monaco",43.7347,7.42056
"490",1990,"Circuit Gilles Villeneuve",45.5,-73.5228
"491",1990,"Autódromo Hermanos Rodríguez",19.4042,-99.0907
"492",1990,"Circuit Paul Ricard",43.2506,5.79167
"493",1990,"Silverstone Circuit",52.0786,-1.01694
"494",1990,"Hockenheimring",49.3278,8.56583
"495",1990,"Hungaroring",47.5789,19.2486
"496",1990,"Circuit de Spa-Francorchamps",50.4372,5.97139
"497",1990,"Autodromo Nazionale di Monza",45.6156,9.28111
"498",1990,"Autódromo do Estoril",38.7506,-9.39417
"499",1990,"Circuito de Jerez",36.7083,-6.03417
"500",1990,"Suzuka Circuit",34.8431,136.541
"501",1990,"Adelaide Street Circuit",-34.9272,138.617
"502",1991,"Phoenix street circuit",33.4479,-112.075
"503",1991,"Autódromo Jose Carlos Pace",-23.7036,-46.6997
"504",1991,"Autodromo Enzo e Dino Ferrari",44.3439,11.7167
"505",1991,"Circuit de Monaco",43.7347,7.42056
"506",1991,"Circuit Gilles Villeneuve",45.5,-73.5228
"507",1991,"Autódromo Hermanos Rodríguez",19.4042,-99.0907
"508",1991,"Circuit de Nevers Magny-Cours",46.8642,3.16361
"509",1991,"Silverstone Circuit",52.0786,-1.01694
"510",1991,"Hockenheimring",49.3278,8.56583
"511",1991,"Hungaroring",47.5789,19.2486
"512",1991,"Circuit de Spa-Francorchamps",50.4372,5.97139
"513",1991,"Autodromo Nazionale di Monza",45.6156,9.28111
"514",1991,"Autódromo do Estoril",38.7506,-9.39417
"515",1991,"Circuit de Barcelona-Catalunya",41.57,2.26111
"516",1991,"Suzuka Circuit",34.8431,136.541
"517",1991,"Adelaide Street Circuit",-34.9272,138.617
"518",1992,"Kyalami",-25.9894,28.0767
"519",1992,"Autódromo Hermanos Rodríguez",19.4042,-99.0907
"520",1992,"Autódromo Jose Carlos Pace",-23.7036,-46.6997
"521",1992,"Circuit de Barcelona-Catalunya",41.57,2.26111
"522",1992,"Autodromo Enzo e Dino Ferrari",44.3439,11.7167
"523",1992,"Circuit de Monaco",43.7347,7.42056
"524",1992,"Circuit Gilles Villeneuve",45.5,-73.5228
"525",1992,"Circuit de Nevers Magny-Cours",46.8642,3.16361
"526",1992,"Silverstone Circuit",52.0786,-1.01694
"527",1992,"Hockenheimring",49.3278,8.56583
"528",1992,"Hungaroring",47.5789,19.2486
"529",1992,"Circuit de Spa-Francorchamps",50.4372,5.97139
"530",1992,"Autodromo Nazionale di Monza",45.6156,9.28111
"531",1992,"Autódromo do Estoril",38.7506,-9.39417
"532",1992,"Suzuka Circuit",34.8431,136.541
"533",1992,"Adelaide Street Circuit",-34.9272,138.617
"534",1993,"Kyalami",-25.9894,28.0767
"535",1993,"Autódromo Jose Carlos Pace",-23.7036,-46.6997
"536",1993,"Donington Park",52.8306,-1.37528
"537",1993,"Autodromo Enzo e Dino Ferrari",44.3439,11.7167
"538",1993,"Circuit de Barcelona-Catalunya",41.57,2.26111
"539",1993,"Circuit de Monaco",43.7347,7.42056
"540",1993,"Circuit Gilles Villeneuve",45.5,-73.5228
"541",1993,"Circuit de Nevers Magny-Cours",46.8642,3.16361
"542",1993,"Silverstone Circuit",52.0786,-1.01694
"543",1993,"Hockenheimring",49.3278,8.56583
"544",1993,"Hungaroring",47.5789,19.2486
"545",1993,"Circuit de Spa-Francorchamps",50.4372,5.97139
"546",1993,"Autodromo Nazionale di Monza",45.6156,9.28111
"547",1993,"Autódromo do Estoril",38.7506,-9.39417
"548",1993,"Suzuka Circuit",34.8431,136.541
"549",1993,"Adelaide Street Circuit",-34.9272,138.617
"550",1994,"Autódromo Jose Carlos Pace",-23.7036,-46.6997
"551",1994,"Okayama International Circuit",34.915,134.221
"552",1994,"Autodromo Enzo e Dino Ferrari",44.3439,11.7167
"553",1994,"Circuit de Monaco",43.7347,7.42056
"554",1994,"Circuit de Barcelona-Catalunya",41.57,2.26111
"555",1994,"Circuit Gilles Villeneuve",45.5,-73.5228
"556",1994,"Circuit de Nevers Magny-Cours",46.8642,3.16361
"557",1994,"Silverstone Circuit",52.0786,-1.01694
"558",1994,"Hockenheimring",49.3278,8.56583
"559",1994,"Hungaroring",47.5789,19.2486
"560",1994,"Circuit de Spa-Francorchamps",50.4372,5.97139
"561",1994,"Autodromo Nazionale di Monza",45.6156,9.28111
"562",1994,"Autódromo do Estoril",38.7506,-9.39417
"563",1994,"Circuito de Jerez",36.7083,-6.03417
"564",1994,"Suzuka Circuit",34.8431,136.541
"565",1994,"Adelaide Street Circuit",-34.9272,138.617
"566",1995,"Autódromo Jose Carlos Pace",-23.7036,-46.6997
"567",1995,"Autódromo Juan y Oscar Gálvez",-34.6943,-58.4593
"568",1995,"Autodromo Enzo e Dino Ferrari",44.3439,11.7167
"569",1995,"Circuit de Barcelona-Catalunya",41.57,2.26111
"570",1995,"Circuit de Monaco",43.7347,7.42056
"571",1995,"Circuit Gilles Villeneuve",45.5,-73.5228
"572",1995,"Circuit de Nevers Magny-Cours",46.8642,3.16361
"573",1995,"Silverstone Circuit",52.0786,-1.01694
"574",1995,"Hockenheimring",49.3278,8.56583
"575",1995,"Hungaroring",47.5789,19.2486
"576",1995,"Circuit de Spa-Francorchamps",50.4372,5.97139
"577",1995,"Autodromo Nazionale di Monza",45.6156,9.28111
"578",1995,"Autódromo do Estoril",38.7506,-9.39417
"579",1995,"Nurburgring",50.3356,6.9475
"580",1995,"Okayama International Circuit",34.915,134.221
"581",1995,"Suzuka Circuit",34.8431,136.541
"582",1995,"Adelaide Street Circuit",-34.9272,138.617
"583",1996,"Albert Park Grand Prix Circuit",-37.8497,144.968
"584",1996,"Autódromo Jose Carlos Pace",-23.7036,-46.6997
"585",1996,"Autódromo Juan y Oscar Gálvez",-34.6943,-58.4593
"586",1996,"Nurburgring",50.3356,6.9475
"587",1996,"Autodromo Enzo e Dino Ferrari",44.3439,11.7167
"588",1996,"Circuit de Monaco",43.7347,7.42056
"589",1996,"Circuit de Barcelona-Catalunya",41.57,2.26111
"590",1996,"Circuit Gilles Villeneuve",45.5,-73.5228
"591",1996,"Circuit de Nevers Magny-Cours",46.8642,3.16361
"592",1996,"Silverstone Circuit",52.0786,-1.01694
"593",1996,"Hockenheimring",49.3278,8.56583
"594",1996,"Hungaroring",47.5789,19.2486
"595",1996,"Circuit de Spa-Francorchamps",50.4372,5.97139
"596",1996,"Autodromo Nazionale di Monza",45.6156,9.28111
"597",1996,"Autódromo do Estoril",38.7506,-9.39417
"598",1996,"Suzuka Circuit",34.8431,136.541
"599",1997,"Albert Park Grand Prix Circuit",-37.8497,144.968
"600",1997,"Autódromo Jose Carlos Pace",-23.7036,-46.6997
"601",1997,"Autódromo Juan y Oscar Gálvez",-34.6943,-58.4593
"602",1997,"Autodromo Enzo e Dino Ferrari",44.3439,11.7167
"603",1997,"Circuit de Monaco",43.7347,7.42056
"604",1997,"Circuit de Barcelona-Catalunya",41.57,2.26111
"605",1997,"Circuit Gilles Villeneuve",45.5,-73.5228
"606",1997,"Circuit de Nevers Magny-Cours",46.8642,3.16361
"607",1997,"Silverstone Circuit",52.0786,-1.01694
"608",1997,"Hockenheimring",49.3278,8.56583
"609",1997,"Hungaroring",47.5789,19.2486
"610",1997,"Circuit de Spa-Francorchamps",50.4372,5.97139
"611",1997,"Autodromo Nazionale di Monza",45.6156,9.28111
"612",1997,"A1-Ring",47.2197,14.7647
"613",1997,"Nurburgring",50.3356,6.9475
"614",1997,"Suzuka Circuit",34.8431,136.541
"615",1997,"Circuito de Jerez",36.7083,-6.03417
"616",1998,"Albert Park Grand Prix Circuit",-37.8497,144.968
"617",1998,"Autódromo Jose Carlos Pace",-23.7036,-46.6997
"618",1998,"Autódromo Juan y Oscar Gálvez",-34.6943,-58.4593
"619",1998,"Autodromo Enzo e Dino Ferrari",44.3439,11.7167
"620",1998,"Circuit de Barcelona-Catalunya",41.57,2.26111
"621",1998,"Circuit de Monaco",43.7347,7.42056
"622",1998,"Circuit Gilles Villeneuve",45.5,-73.5228
"623",1998,"Circuit de Nevers Magny-Cours",46.8642,3.16361
"624",1998,"Silverstone Circuit",52.0786,-1.01694
"625",1998,"A1-Ring",47.2197,14.7647
"626",1998,"Hockenheimring",49.3278,8.56583
"627",1998,"Hungaroring",47.5789,19.2486
"628",1998,"Circuit de Spa-Francorchamps",50.4372,5.97139
"629",1998,"Autodromo Nazionale di Monza",45.6156,9.28111
"630",1998,"Nurburgring",50.3356,6.9475
"631",1998,"Suzuka Circuit",34.8431,136.541
"632",1999,"Albert Park Grand Prix Circuit",-37.8497,144.968
"633",1999,"Autódromo Jose Carlos Pace",-23.7036,-46.6997
"634",1999,"Autodromo Enzo e Dino Ferrari",44.3439,11.7167
"635",1999,"Circuit de Monaco",43.7347,7.42056
"636",1999,"Circuit de Barcelona-Catalunya",41.57,2.26111
"637",1999,"Circuit Gilles Villeneuve",45.5,-73.5228
"638",1999,"Circuit de Nevers Magny-Cours",46.8642,3.16361
"639",1999,"Silverstone Circuit",52.0786,-1.01694
"640",1999,"A1-Ring",47.2197,14.7647
"641",1999,"Hockenheimring",49.3278,8.56583
"642",1999,"Hungaroring",47.5789,19.2486
"643",1999,"Circuit de Spa-Francorchamps",50.4372,5.97139
"644",1999,"Autodromo Nazionale di Monza",45.6156,9.28111
"645",1999,"Nurburgring",50.3356,6.9475
"646",1999,"Sepang International Circuit",2.76083,101.738
"647",1999,"Suzuka Circuit",34.8431,136.541
"648",2000,"Albert Park Grand Prix Circuit",-37.8497,144.968
"649",2000,"Autódromo Jose Carlos Pace",-23.7036,-46.6997
"650",2000,"Autodromo Enzo e Dino Ferrari",44.3439,11.7167
"651",2000,"Silverstone Circuit",52.0786,-1.01694
"652",2000,"Circuit de Barcelona-Catalunya",41.57,2.26111
"653",2000,"Nurburgring",50.3356,6.9475
"654",2000,"Circuit de Monaco",43.7347,7.42056
"655",2000,"Circuit Gilles Villeneuve",45.5,-73.5228
"656",2000,"Circuit de Nevers Magny-Cours",46.8642,3.16361
"657",2000,"A1-Ring",47.2197,14.7647
"658",2000,"Hockenheimring",49.3278,8.56583
"659",2000,"Hungaroring",47.5789,19.2486
"660",2000,"Circuit de Spa-Francorchamps",50.4372,5.97139
"661",2000,"Autodromo Nazionale di Monza",45.6156,9.28111
"662",2000,"Indianapolis Motor Speedway",39.795,-86.2347
"663",2000,"Suzuka Circuit",34.8431,136.541
"664",2000,"Sepang International Circuit",2.76083,101.738
"665",2001,"Albert Park Grand Prix Circuit",-37.8497,144.968
"666",2001,"Sepang International Circuit",2.76083,101.738
"667",2001,"Autódromo Jose Carlos Pace",-23.7036,-46.6997
"668",2001,"Autodromo Enzo e Dino Ferrari",44.3439,11.7167
"669",2001,"Circuit de Barcelona-Catalunya",41.57,2.26111
"670",2001,"A1-Ring",47.2197,14.7647
"671",2001,"Circuit de Monaco",43.7347,7.42056
"672",2001,"Circuit Gilles Villeneuve",45.5,-73.5228
"673",2001,"Nurburgring",50.3356,6.9475
"674",2001,"Circuit de Nevers Magny-Cours",46.8642,3.16361
"675",2001,"Silverstone Circuit",52.0786,-1.01694
"676",2001,"Hockenheimring",49.3278,8.56583
"677",2001,"Hungaroring",47.5789,19.2486
"678",2001,"Circuit de Spa-Francorchamps",50.4372,5.97139
"679",2001,"Autodromo Nazionale di Monza",45.6156,9.28111
"680",2001,"Indianapolis Motor Speedway",39.795,-86.2347
"681",2001,"Suzuka Circuit",34.8431,136.541
"682",2002,"Albert Park Grand Prix Circuit",-37.8497,144.968
"683",2002,"Sepang International Circuit",2.76083,101.738
"684",2002,"Autódromo Jose Carlos Pace",-23.7036,-46.6997
"685",2002,"Autodromo Enzo e Dino Ferrari",44.3439,11.7167
"686",2002,"Circuit de Barcelona-Catalunya",41.57,2.26111
"687",2002,"A1-Ring",47.2197,14.7647
"688",2002,"Circuit de Monaco",43.7347,7.42056
"689",2002,"Circuit Gilles Villeneuve",45.5,-73.5228
"690",2002,"Nurburgring",50.3356,6.9475
"691",2002,"Silverstone Circuit",52.0786,-1.01694
"692",2002,"Circuit de Nevers Magny-Cours",46.8642,3.16361
"693",2002,"Hockenheimring",49.3278,8.56583
"694",2002,"Hungaroring",47.5789,19.2486
"695",2002,"Circuit de Spa-Francorchamps",50.4372,5.97139
"696",2002,"Autodromo Nazionale di Monza",45.6156,9.28111
"697",2002,"Indianapolis Motor Speedway",39.795,-86.2347
"698",2002,"Suzuka Circuit",34.8431,136.541
"699",2003,"Albert Park Grand Prix Circuit",-37.8497,144.968
"700",2003,"Sepang International Circuit",2.76083,101.738
"701",2003,"Autódromo Jose Carlos Pace",-23.7036,-46.6997
"702",2003,"Autodromo Enzo e Dino Ferrari",44.3439,11.7167
"703",2003,"Circuit de Barcelona-Catalunya",41.57,2.26111
"704",2003,"A1-Ring",47.2197,14.7647
"705",2003,"Circuit de Monaco",43.7347,7.42056
"706",2003,"Circuit Gilles Villeneuve",45.5,-73.5228
"707",2003,"Nurburgring",50.3356,6.9475
"708",2003,"Circuit de Nevers Magny-Cours",46.8642,3.16361
"709",2003,"Silverstone Circuit",52.0786,-1.01694
"710",2003,"Hockenheimring",49.3278,8.56583
"711",2003,"Hungaroring",47.5789,19.2486
"712",2003,"Autodromo Nazionale di Monza",45.6156,9.28111
"713",2003,"Indianapolis Motor Speedway",39.795,-86.2347
"714",2003,"Suzuka Circuit",34.8431,136.541
"715",2004,"Albert Park Grand Prix Circuit",-37.8497,144.968
"716",2004,"Sepang International Circuit",2.76083,101.738
"717",2004,"Bahrain International Circuit",26.0325,50.5106
"718",2004,"Autodromo Enzo e Dino Ferrari",44.3439,11.7167
"719",2004,"Circuit de Barcelona-Catalunya",41.57,2.26111
"720",2004,"Circuit de Monaco",43.7347,7.42056
"721",2004,"Nurburgring",50.3356,6.9475
"722",2004,"Circuit Gilles Villeneuve",45.5,-73.5228
"723",2004,"Indianapolis Motor Speedway",39.795,-86.2347
"724",2004,"Circuit de Nevers Magny-Cours",46.8642,3.16361
"725",2004,"Silverstone Circuit",52.0786,-1.01694
"726",2004,"Hockenheimring",49.3278,8.56583
"727",2004,"Hungaroring",47.5789,19.2486
"728",2004,"Circuit de Spa-Francorchamps",50.4372,5.97139
"729",2004,"Autodromo Nazionale di Monza",45.6156,9.28111
"730",2004,"Shanghai International Circuit",31.3389,121.22
"731",2004,"Suzuka Circuit",34.8431,136.541
"732",2004,"Autódromo Jose Carlos Pace",-23.7036,-46.6997
"733",2005,"Albert Park Grand Prix Circuit",-37.8497,144.968
"734",2005,"Sepang International Circuit",2.76083,101.738
"735",2005,"Bahrain International Circuit",26.0325,50.5106
"736",2005,"Autodromo Enzo e Dino Ferrari",44.3439,11.7167
"737",2005,"Circuit de Barcelona-Catalunya",41.57,2.26111
"738",2005,"Circuit de Monaco",43.7347,7.42056
"739",2005,"Nurburgring",50.3356,6.9475
"740",2005,"Circuit Gilles Villeneuve",45.5,-73.5228
"741",2005,"Indianapolis Motor Speedway",39.795,-86.2347
"742",2005,"Circuit de Nevers Magny-Cours",46.8642,3.16361
"743",2005,"Silverstone Circuit",52.0786,-1.01694
"744",2005,"Hockenheimring",49.3278,8.56583
"745",2005,"Hungaroring",47.5789,19.2486
"746",2005,"Istanbul Park",40.9517,29.405
"747",2005,"Autodromo Nazionale di Monza",45.6156,9.28111
"748",2005,"Circuit de Spa-Francorchamps",50.4372,5.97139
"749",2005,"Autódromo Jose Carlos Pace",-23.7036,-46.6997
"750",2005,"Suzuka Circuit",34.8431,136.541
"751",2005,"Shanghai International Circuit",31.3389,121.22
"752",2006,"Bahrain International Circuit",26.0325,50.5106
"753",2006,"Sepang International Circuit",2.76083,101.738
"754",2006,"Albert Park Grand Prix Circuit",-37.8497,144.968
"755",2006,"Autodromo Enzo e Dino Ferrari",44.3439,11.7167
"756",2006,"Nurburgring",50.3356,6.9475
"757",2006,"Circuit de Barcelona-Catalunya",41.57,2.26111
"758",2006,"Circuit de Monaco",43.7347,7.42056
"759",2006,"Silverstone Circuit",52.0786,-1.01694
"760",2006,"Circuit Gilles Villeneuve",45.5,-73.5228
"761",2006,"Indianapolis Motor Speedway",39.795,-86.2347
"762",2006,"Circuit de Nevers Magny-Cours",46.8642,3.16361
"763",2006,"Hockenheimring",49.3278,8.56583
"764",2006,"Hungaroring",47.5789,19.2486
"765",2006,"Istanbul Park",40.9517,29.405
"766",2006,"Autodromo Nazionale di Monza",45.6156,9.28111
"767",2006,"Shanghai International Circuit",31.3389,121.22
"768",2006,"Suzuka Circuit",34.8431,136.541
"769",2006,"Autódromo Jose Carlos Pace",-23.7036,-46.6997
"770",2007,"Albert Park Grand Prix Circuit",-37.8497,144.968
"771",2007,"Sepang International Circuit",2.76083,101.738
"772",2007,"Bahrain International Circuit",26.0325,50.5106
"773",2007,"Circuit de Barcelona-Catalunya",41.57,2.26111
"774",2007,"Circuit de Monaco",43.7347,7.42056
"775",2007,"Circuit Gilles Villeneuve",45.5,-73.5228
"776",2007,"Indianapolis Motor Speedway",39.795,-86.2347
"777",2007,"Circuit de Nevers Magny-Cours",46.8642,3.16361
"778",2007,"Silverstone Circuit",52.0786,-1.01694
"779",2007,"Nurburgring",50.3356,6.9475
"780",2007,"Hungaroring",47.5789,19.2486
"781",2007,"Istanbul Park",40.9517,29.405
"782",2007,"Autodromo Nazionale di Monza",45.6156,9.28111
"783",2007,"Circuit de Spa-Francorchamps",50.4372,5.97139
"784",2007,"Fuji Speedway",35.3717,138.927
"785",2007,"Shanghai International Circuit",31.3389,121.22
"786",2007,"Autódromo Jose Carlos Pace",-23.7036,-46.6997
"787",2008,"Albert Park Grand Prix Circuit",-37.8497,144.968
"788",2008,"Sepang International Circuit",2.76083,101.738
"789",2008,"Bahrain International Circuit",26.0325,50.5106
"790",2008,"Circuit de Barcelona-Catalunya",41.57,2.26111
"791",2008,"Istanbul Park",40.9517,29.405
"792",2008,"Circuit de Monaco",43.7347,7.42056
"793",2008,"Circuit Gilles Villeneuve",45.5,-73.5228
"794",2008,"Circuit de Nevers Magny-Cours",46.8642,3.16361
"795",2008,"Silverstone Circuit",52.0786,-1.01694
"796",2008,"Hockenheimring",49.3278,8.56583
"797",2008,"Hungaroring",47.5789,19.2486
"798",2008,"Valencia Street Circuit",39.4589,-0.331667
"799",2008,"Circuit de Spa-Francorchamps",50.4372,5.97139
"800",2008,"Autodromo Nazionale di Monza",45.6156,9.28111
"801",2008,"Marina Bay Street Circuit",1.2914,103.864
"802",2008,"Fuji Speedway",35.3717,138.927
"803",2008,"Shanghai International Circuit",31.3389,121.22
"804",2008,"Autódromo Jose Carlos Pace",-23.7036,-46.6997
"805",2009,"Albert Park Grand Prix Circuit",-37.8497,144.968
"806",2009,"Sepang International Circuit",2.76083,101.738
"807",2009,"Shanghai International Circuit",31.3389,121.22
"808",2009,"Bahrain International Circuit",26.0325,50.5106
"809",2009,"Circuit de Barcelona-Catalunya",41.57,2.26111
"810",2009,"Circuit de Monaco",43.7347,7.42056
"811",2009,"Istanbul Park",40.9517,29.405
"812",2009,"Silverstone Circuit",52.0786,-1.01694
"813",2009,"Nurburgring",50.3356,6.9475
"814",2009,"Hungaroring",47.5789,19.2486
"815",2009,"Valencia Street Circuit",39.4589,-0.331667
"816",2009,"Circuit de Spa-Francorchamps",50.4372,5.97139
"817",2009,"Autodromo Nazionale di Monza",45.6156,9.28111
"818",2009,"Marina Bay Street Circuit",1.2914,103.864
"819",2009,"Suzuka Circuit",34.8431,136.541
"820",2009,"Autódromo Jose Carlos Pace",-23.7036,-46.6997
"821",2009,"Yas Marina Circuit",24.4672,54.6031
"822",2010,"Bahrain International Circuit",26.0325,50.5106
"823",2010,"Albert Park Grand Prix Circuit",-37.8497,144.968
"824",2010,"Sepang International Circuit",2.76083,101.738
"825",2010,"Shanghai International Circuit",31.3389,121.22
"826",2010,"Circuit de Barcelona-Catalunya",41.57,2.26111
"827",2010,"Circuit de Monaco",43.7347,7.42056
"828",2010,"Istanbul Park",40.9517,29.405
"829",2010,"Circuit Gilles Villeneuve",45.5,-73.5228
"830",2010,"Valencia Street Circuit",39.4589,-0.331667
"831",2010,"Silverstone Circuit",52.0786,-1.01694
"832",2010,"Hockenheimring",49.3278,8.56583
"833",2010,"Hungaroring",47.5789,19.2486
"834",2010,"Circuit de Spa-Francorchamps",50.4372,5.97139
"835",2010,"Autodromo Nazionale di Monza",45.6156,9.28111
"836",2010,"Marina Bay Street Circuit",1.2914,103.864
"837",2010,"Suzuka Circuit",34.8431,136.541
"838",2010,"Korean International Circuit",34.7333,126.417
"839",2010,"Autódromo Jose Carlos Pace",-23.7036,-46.6997
"840",2010,"Yas Marina Circuit",24.4672,54.6031
"841",2011,"Albert Park Grand Prix Circuit",-37.8497,144.968
"842",2011,"Sepang International Circuit",2.76083,101.738
"843",2011,"Shanghai International Circuit",31.3389,121.22
"844",2011,"Istanbul Park",40.9517,29.405
"845",2011,"Circuit de Barcelona-Catalunya",41.57,2.26111
"846",2011,"Circuit de Monaco",43.7347,7.42056
"847",2011,"Circuit Gilles Villeneuve",45.5,-73.5228
"848",2011,"Valencia Street Circuit",39.4589,-0.331667
"849",2011,"Silverstone Circuit",52.0786,-1.01694
"850",2011,"Nurburgring",50.3356,6.9475
"851",2011,"Hungaroring",47.5789,19.2486
"852",2011,"Circuit de Spa-Francorchamps",50.4372,5.97139
"853",2011,"Autodromo Nazionale di Monza",45.6156,9.28111
"854",2011,"Marina Bay Street Circuit",1.2914,103.864
"855",2011,"Suzuka Circuit",34.8431,136.541
"856",2011,"Korean International Circuit",34.7333,126.417
"857",2011,"Buddh International Circuit",28.3487,77.5331
"858",2011,"Yas Marina Circuit",24.4672,54.6031
"859",2011,"Autódromo Jose Carlos Pace",-23.7036,-46.6997
"860",2012,"Albert Park Grand Prix Circuit",-37.8497,144.968
"861",2012,"Sepang International Circuit",2.76083,101.738
"862",2012,"Shanghai International Circuit",31.3389,121.22
"863",2012,"Bahrain International Circuit",26.0325,50.5106
"864",2012,"Circuit de Barcelona-Catalunya",41.57,2.26111
"865",2012,"Circuit de Monaco",43.7347,7.42056
"866",2012,"Circuit Gilles Villeneuve",45.5,-73.5228
"867",2012,"Valencia Street Circuit",39.4589,-0.331667
"868",2012,"Silverstone Circuit",52.0786,-1.01694
"869",2012,"Hockenheimring",49.3278,8.56583
"870",2012,"Hungaroring",47.5789,19.2486
"871",2012,"Circuit de Spa-Francorchamps",50.4372,5.97139
"872",2012,"Autodromo Nazionale di Monza",45.6156,9.28111
"873",2012,"Marina Bay Street Circuit",1.2914,103.864
"874",2012,"Suzuka Circuit",34.8431,136.541
"875",2012,"Korean International Circuit",34.7333,126.417
"876",2012,"Buddh International Circuit",28.3487,77.5331
"877",2012,"Yas Marina Circuit",24.4672,54.6031
"878",2012,"Circuit of the Americas",30.1328,-97.6411
"879",2012,"Autódromo Jose Carlos Pace",-23.7036,-46.6997
"880",2013,"Albert Park Grand Prix Circuit",-37.8497,144.968
"881",2013,"Sepang International Circuit",2.76083,101.738
"882",2013,"Shanghai International Circuit",31.3389,121.22
"883",2013,"Bahrain International Circuit",26.0325,50.5106
"884",2013,"Circuit de Barcelona-Catalunya",41.57,2.26111
"885",2013,"Circuit de Monaco",43.7347,7.42056
"886",2013,"Circuit Gilles Villeneuve",45.5,-73.5228
"887",2013,"Silverstone Circuit",52.0786,-1.01694
"888",2013,"Nurburgring",50.3356,6.9475
"889",2013,"Hungaroring",47.5789,19.2486
"890",2013,"Circuit de Spa-Francorchamps",50.4372,5.97139
"891",2013,"Autodromo Nazionale di Monza",45.6156,9.28111
"892",2013,"Marina Bay Street Circuit",1.2914,103.864
"893",2013,"Korean International Circuit",34.7333,126.417
"894",2013,"Suzuka Circuit",34.8431,136.541
"895",2013,"Buddh International Circuit",28.3487,77.5331
"896",2013,"Yas Marina Circuit",24.4672,54.6031
"897",2013,"Circuit of the Americas",30.1328,-97.6411
"898",2013,"Autódromo Jose Carlos Pace",-23.7036,-46.6997
"899",2014,"Albert Park Grand Prix Circuit",-37.8497,144.968
"900",2014,"Sepang International Circuit",2.76083,101.738
"901",2014,"Bahrain International Circuit",26.0325,50.5106
"902",2014,"Shanghai International Circuit",31.3389,121.22
"903",2014,"Circuit de Barcelona-Catalunya",41.57,2.26111
"904",2014,"Circuit de Monaco",43.7347,7.42056
"905",2014,"Circuit Gilles Villeneuve",45.5,-73.5228
"906",2014,"Red Bull Ring",47.2197,14.7647
"907",2014,"Silverstone Circuit",52.0786,-1.01694
"908",2014,"Hockenheimring",49.3278,8.56583
"909",2014,"Hungaroring",47.5789,19.2486
"910",2014,"Circuit de Spa-Francorchamps",50.4372,5.97139
"911",2014,"Autodromo Nazionale di Monza",45.6156,9.28111
"912",2014,"Marina Bay Street Circuit",1.2914,103.864
"913",2014,"Suzuka Circuit",34.8431,136.541
"914",2014,"Sochi Autodrom",43.4057,39.9578
"915",2014,"Circuit of the Americas",30.1328,-97.6411
"916",2014,"Autódromo Jose Carlos Pace",-23.7036,-46.6997
"917",2014,"Yas Marina Circuit",24.4672,54.6031
"918",2015,"Circuit de Monaco",43.7347,7.42056
"919",2015,"Circuit Gilles Villeneuve",45.5,-73.5228
"920",2015,"Bahrain International Circuit",26.0325,50.5106
"921",2015,"Circuit de Barcelona-Catalunya",41.57,2.26111
"922",2015,"Shanghai International Circuit",31.3389,121.22
"923",2015,"Albert Park Grand Prix Circuit",-37.8497,144.968
"924",2015,"Sepang International Circuit",2.76083,101.738
"925",2015,"Red Bull Ring",47.2197,14.7647
"926",2015,"Silverstone Circuit",52.0786,-1.01694
"927",2015,"Hungaroring",47.5789,19.2486
"928",2015,"Circuit de Spa-Francorchamps",50.4372,5.97139
"929",2015,"Autodromo Nazionale di Monza",45.6156,9.28111
"930",2015,"Marina Bay Street Circuit",1.2914,103.864
"931",2015,"Suzuka Circuit",34.8431,136.541
"932",2015,"Sochi Autodrom",43.4057,39.9578
"933",2015,"Circuit of the Americas",30.1328,-97.6411
"934",2015,"Autódromo Hermanos Rodríguez",19.4042,-99.0907
"935",2015,"Autódromo Jose Carlos Pace",-23.7036,-46.6997
"936",2015,"Yas Marina Circuit",24.4672,54.6031
"937",2016,"Albert Park Grand Prix Circuit",-37.8497,144.968
"938",2016,"Bahrain International Circuit",26.0325,50.5106
"939",2016,"Shanghai International Circuit",31.3389,121.22
"940",2016,"Sochi Autodrom",43.4057,39.9578
"941",2016,"Circuit de Barcelona-Catalunya",41.57,2.26111
"942",2016,"Circuit de Monaco",43.7347,7.42056
"943",2016,"Circuit Gilles Villeneuve",45.5,-73.5228
"944",2016,"Baku City Circuit",40.3725,49.8533
"945",2016,"Red Bull Ring",47.2197,14.7647
"946",2016,"Silverstone Circuit",52.0786,-1.01694
"947",2016,"Hungaroring",47.5789,19.2486
"948",2016,"Hockenheimring",49.3278,8.56583
"949",2016,"Circuit de Spa-Francorchamps",50.4372,5.97139
"950",2016,"Autodromo Nazionale di Monza",45.6156,9.28111
"951",2016,"Marina Bay Street Circuit",1.2914,103.864
"952",2016,"Sepang International Circuit",2.76083,101.738
"953",2016,"Suzuka Circuit",34.8431,136.541
"954",2016,"Circuit of the Americas",30.1328,-97.6411
"955",2016,"Autódromo Hermanos Rodríguez",19.4042,-99.0907
"956",2016,"Autódromo Jose Carlos Pace",-23.7036,-46.6997
"957",2016,"Yas Marina Circuit",24.4672,54.6031
"958",2017,"Albert Park Grand Prix Circuit",-37.8497,144.968
"959",2017,"Shanghai International Circuit",31.3389,121.22
"960",2017,"Bahrain International Circuit",26.0325,50.5106
"961",2017,"Sochi Autodrom",43.4057,39.9578
"962",2017,"Circuit de Barcelona-Catalunya",41.57,2.26111
"963",2017,"Circuit de Monaco",43.7347,7.42056
"964",2017,"Circuit Gilles Villeneuve",45.5,-73.5228
"965",2017,"Baku City Circuit",40.3725,49.8533
"966",2017,"Red Bull Ring",47.2197,14.7647
"967",2017,"Silverstone Circuit",52.0786,-1.01694
"968",2017,"Hungaroring",47.5789,19.2486
"969",2017,"Circuit de Spa-Francorchamps",50.4372,5.97139
"970",2017,"Autodromo Nazionale di Monza",45.6156,9.28111
"971",2017,"Marina Bay Street Circuit",1.2914,103.864
"972",2017,"Sepang International Circuit",2.76083,101.738
"973",2017,"Suzuka Circuit",34.8431,136.541
"974",2017,"Circuit of the Americas",30.1328,-97.6411
"975",2017,"Autódromo Hermanos Rodríguez",19.4042,-99.0907
"976",2017,"Autódromo Jose Carlos Pace",-23.7036,-46.6997
"977",2017,"Yas Marina Circuit",24.4672,54.6031
"978",2018,"Albert Park Grand Prix Circuit",-37.8497,144.968
"979",2018,"Bahrain International Circuit",26.0325,50.5106
"980",2018,"Shanghai International Circuit",31.3389,121.22
"981",2018,"Baku City Circuit",40.3725,49.8533
"982",2018,"Circuit de Barcelona-Catalunya",41.57,2.26111
"983",2018,"Circuit de Monaco",43.7347,7.42056
"984",2018,"Circuit Gilles Villeneuve",45.5,-73.5228
"985",2018,"Circuit Paul Ricard",43.2506,5.79167
"986",2018,"Red Bull Ring",47.2197,14.7647
"987",2018,"Silverstone Circuit",52.0786,-1.01694
"988",2018,"Hockenheimring",49.3278,8.56583
"989",2018,"Hungaroring",47.5789,19.2486
"990",2018,"Circuit de Spa-Francorchamps",50.4372,5.97139
"991",2018,"Autodromo Nazionale di Monza",45.6156,9.28111
"992",2018,"Marina Bay Street Circuit",1.2914,103.864
"993",2018,"Sochi Autodrom",43.4057,39.9578
"994",2018,"Suzuka Circuit",34.8431,136.541
"995",2018,"Circuit of the Americas",30.1328,-97.6411
"996",2018,"Autódromo Hermanos Rodríguez",19.4042,-99.0907
"997",2018,"Autódromo Jose Carlos Pace",-23.7036,-46.6997
"998",2018,"Yas Marina Circuit",24.4672,54.6031
"999",2019,"Albert Park Grand Prix Circuit",-37.8497,144.968
"1000",2019,"Bahrain International Circuit",26.0325,50.5106
"1001",2019,"Shanghai International Circuit",31.3389,121.22
"1002",2019,"Baku City Circuit",40.3725,49.8533
"1003",2019,"Circuit de Barcelona-Catalunya",41.57,2.26111
"1004",2019,"Circuit de Monaco",43.7347,7.42056
"1005",2019,"Circuit Gilles Villeneuve",45.5,-73.5228
"1006",2019,"Circuit Paul Ricard",43.2506,5.79167
"1007",2019,"Red Bull Ring",47.2197,14.7647
"1008",2019,"Silverstone Circuit",52.0786,-1.01694
"1009",2019,"Hockenheimring",49.3278,8.56583
"1010",2019,"Hungaroring",47.5789,19.2486
"1011",2019,"Circuit de Spa-Francorchamps",50.4372,5.97139
"1012",2019,"Autodromo Nazionale di Monza",45.6156,9.28111
"1013",2019,"Marina Bay Street Circuit",1.2914,103.864
"1014",2019,"Sochi Autodrom",43.4057,39.9578
"1015",2019,"Suzuka Circuit",34.8431,136.541
"1016",2019,"Autódromo Hermanos Rodríguez",19.4042,-99.0907
"1017",2019,"Circuit of the Americas",30.1328,-97.6411
"1018",2019,"Autódromo Jose Carlos Pace",-23.7036,-46.6997
"1019",2019,"Yas Marina Circuit",24.4672,54.6031
"1020",2020,"Red Bull Ring",47.2197,14.7647
"1021",2020,"Red Bull Ring",47.2197,14.7647
"1022",2020,"Hungaroring",47.5789,19.2486
"1023",2020,"Silverstone Circuit",52.0786,-1.01694
"1024",2020,"Silverstone Circuit",52.0786,-1.01694
"1025",2020,"Circuit de Barcelona-Catalunya",41.57,2.26111
"1026",2020,"Circuit de Spa-Francorchamps",50.4372,5.97139
"1027",2020,"Autodromo Nazionale di Monza",45.6156,9.28111
"1028",2020,"Autodromo Internazionale del Mugello",43.9975,11.3719
"1029",2020,"Sochi Autodrom",43.4057,39.9578
"1030",2020,"Nurburgring",50.3356,6.9475
"1031",2020,"Autódromo Internacional do Algarve",37.227,-8.6267
"1032",2020,"Autodromo Enzo e Dino Ferrari",44.3439,11.7167
"1033",2020,"Istanbul Park",40.9517,29.405
"1034",2020,"Bahrain International Circuit",26.0325,50.5106
"1035",2020,"Bahrain International Circuit",26.0325,50.5106
"1036",2020,"Yas Marina Circuit",24.4672,54.6031
