"","GrandPrix","Date","Year","Winner","Car","Laps","Time"
"1","British","13 May 1950",1950,"Nino Farina","Alfa Romeo","70","2:13:23.600"
"2","Monaco","21 May 1950",1950,"Juan Manuel Fangio","Alfa Romeo","100","3:13:18.700"
"3","India","30 May 1950",1950,"Johnnie Parsons","Kurtis Kraft Offenhauser","138","2:46:55.970"
"4","Swiss","04 Jun 1950",1950,"Nino Farina","Alfa Romeo","42","2:02:53.700"
"5","Belgian","18 Jun 1950",1950,"Juan Manuel Fangio","Alfa Romeo","35","2:47:26.000"
"6","French","02 Jul 1950",1950,"Juan Manuel Fangio","Alfa Romeo","64","2:57:52.800"
"7","Italian","03 Sep 1950",1950,"Nino Farina","Alfa Romeo","80","2:51:17.400"
"8","Swiss","27 May 1951",1951,"Juan Manuel Fangio","Alfa Romeo","42","2:07:53.640"
"9","India","30 May 1951",1951,"Lee Wallard","Kurtis Kraft Offenhauser","200","3:57:38.050"
"10","Belgian","17 Jun 1951",1951,"Nino Farina","Alfa Romeo","36","2:45:46.200"
"11","French","01 Jul 1951",1951,"Juan Manuel Fangio","Alfa Romeo","77","3:22:11.000"
"12","British","14 Jul 1951",1951,"Jose Froilan Gonzalez","Ferrari","90","2:42:18.200"
"13","German","29 Jul 1951",1951,"Alberto Ascari","Ferrari","20","3:23:03.300"
"14","Italian","16 Sep 1951",1951,"Alberto Ascari","Ferrari","80","2:42:39.300"
"15","Spanish","28 Oct 1951",1951,"Juan Manuel Fangio","Alfa Romeo","70","2:46:54.100"
"16","Swiss","18 May 1952",1952,"Piero Taruffi","Ferrari","62","3:01:46.100"
"17","India","30 May 1952",1952,"Troy Ruttman","Kuzma Offenhauser","200","3:52:41.880"
"18","Belgian","22 Jun 1952",1952,"Alberto Ascari","Ferrari","36","3:03:46.300"
"19","French","06 Jul 1952",1952,"Alberto Ascari","Ferrari","77","3:00:00.000"
"20","British","19 Jul 1952",1952,"Alberto Ascari","Ferrari","85","2:44:11.000"
"21","German","03 Aug 1952",1952,"Alberto Ascari","Ferrari","18","3:06:13.300"
"22","Dutch","17 Aug 1952",1952,"Alberto Ascari","Ferrari","90","2:53:28.500"
"23","Italian","07 Sep 1952",1952,"Alberto Ascari","Ferrari","80","2:50:45.600"
"24","Argentine","18 Jan 1953",1953,"Alberto Ascari","Ferrari","97","3:01:04.600"
"25","India","30 May 1953",1953,"Bill Vukovich","Kurtis Kraft Offenhauser","200","3:53:01.690"
"26","Dutch","07 Jun 1953",1953,"Alberto Ascari","Ferrari","90","2:53:35.800"
"27","Belgian","21 Jun 1953",1953,"Alberto Ascari","Ferrari","36","2:48:30.300"
"28","French","05 Jul 1953",1953,"Mike Hawthorn","Ferrari","60","2:44:18.600"
"29","British","18 Jul 1953",1953,"Alberto Ascari","Ferrari","90","2:50:00.000"
"30","German","02 Aug 1953",1953,"Nino Farina","Ferrari","18","3:02:25.000"
"31","Swiss","23 Aug 1953",1953,"Alberto Ascari","Ferrari","65","3:01:34.400"
"32","Italian","13 Sep 1953",1953,"Juan Manuel Fangio","Maserati","80","2:49:45.900"
"33","Argentine","17 Jan 1954",1954,"Juan Manuel Fangio","Maserati","87","3:00:55.800"
"34","India","31 May 1954",1954,"Bill Vukovich","Kurtis Kraft Offenhauser","200","3:49:17.270"
"35","Belgian","20 Jun 1954",1954,"Juan Manuel Fangio","Maserati","36","2:44:42.400"
"36","French","04 Jul 1954",1954,"Juan Manuel Fangio","Mercedes-Benz","61","2:42:47.900"
"37","British","17 Jul 1954",1954,"Jose Froilan Gonzalez","Ferrari","90","2:56:14.000"
"38","German","01 Aug 1954",1954,"Juan Manuel Fangio","Mercedes-Benz","22","3:45:45.800"
"39","Swiss","22 Aug 1954",1954,"Juan Manuel Fangio","Mercedes-Benz","66","3:00:34.500"
"40","Italian","05 Sep 1954",1954,"Juan Manuel Fangio","Mercedes-Benz","80","2:47:47.900"
"41","Spanish","24 Oct 1954",1954,"Mike Hawthorn","Ferrari","80","3:13:52.100"
"42","Argentine","16 Jan 1955",1955,"Juan Manuel Fangio","Mercedes-Benz","96","3:00:38.600"
"43","Monaco","22 May 1955",1955,"Maurice Trintignant","Ferrari","100","2:58:09.700"
"44","India","30 May 1955",1955,"Bob Sweikert","Kurtis Kraft Offenhauser","200","3:53:59.530"
"45","Belgian","05 Jun 1955",1955,"Juan Manuel Fangio","Mercedes-Benz","36","2:39:29.000"
"46","Dutch","19 Jun 1955",1955,"Juan Manuel Fangio","Mercedes-Benz","100","2:54:23.800"
"47","British","16 Jul 1955",1955,"Stirling Moss","Mercedes-Benz","90","3:07:21.200"
"48","Italian","11 Sep 1955",1955,"Juan Manuel Fangio","Mercedes-Benz","50","2:25:04.400"
"49","Argentine","22 Jan 1956",1956,"Luigi Musso","Ferrari","98","3:00:03.700"
"50","Argentine","22 Jan 1956",1956,"Juan Manuel Fangio","Ferrari","98","3:00:03.700"
"51","Monaco","13 May 1956",1956,"Stirling Moss","Maserati","100","3:00:32.900"
"52","India","30 May 1956",1956,"Pat Flaherty","Watson Offenhauser","200","3:53:28.840"
"53","Belgian","03 Jun 1956",1956,"Peter Collins","Ferrari","36","2:40:00.300"
"54","French","01 Jul 1956",1956,"Peter Collins","Ferrari","61","2:34:23.400"
"55","British","14 Jul 1956",1956,"Juan Manuel Fangio","Ferrari","101","2:59:47.000"
"56","German","05 Aug 1956",1956,"Juan Manuel Fangio","Ferrari","22","3:38:43.700"
"57","Italian","02 Sep 1956",1956,"Stirling Moss","Maserati","50","2:23:41.300"
"58","Argentine","13 Jan 1957",1957,"Juan Manuel Fangio","Maserati","100","3:00:55.900"
"59","Monaco","19 May 1957",1957,"Juan Manuel Fangio","Maserati","105","3:10:12.800"
"60","India","30 May 1957",1957,"Sam Hanks","Epperly Offenhauser","200","3:41:14.250"
"61","French","07 Jul 1957",1957,"Juan Manuel Fangio","Maserati","77","3:07:46.400"
"62","British","20 Jul 1957",1957,"Stirling Moss","Vanwall","90","3:06:37.800"
"63","German","04 Aug 1957",1957,"Juan Manuel Fangio","Maserati","22","3:30:38.300"
"64","Pescara","18 Aug 1957",1957,"Stirling Moss","Vanwall","18","2:59:22.700"
"65","Italian","08 Sep 1957",1957,"Stirling Moss","Vanwall","87","2:35:03.900"
"66","Argentine","19 Jan 1958",1958,"Stirling Moss","Cooper Climax","80","2:19:33.700"
"67","Monaco","18 May 1958",1958,"Maurice Trintignant","Cooper Climax","100","2:52:27.900"
"68","Dutch","26 May 1958",1958,"Stirling Moss","Vanwall","75","2:04:49.200"
"69","India","30 May 1958",1958,"Jimmy Bryan","Epperly Offenhauser","200","3:44:13.800"
"70","Belgian","15 Jun 1958",1958,"Tony Brooks","Vanwall","24","1:37:06.300"
"71","French","06 Jul 1958",1958,"Mike Hawthorn","Ferrari","50","2:03:21.300"
"72","British","19 Jul 1958",1958,"Peter Collins","Ferrari","75","2:09:04.200"
"73","German","03 Aug 1958",1958,"Tony Brooks","Vanwall","15","2:21:15.000"
"74","Portuguese","24 Aug 1958",1958,"Stirling Moss","Vanwall","50","2:11:27.800"
"75","Italian","07 Sep 1958",1958,"Tony Brooks","Vanwall","70","2:03:47.800"
"76","Moroccan","19 Oct 1958",1958,"Stirling Moss","Vanwall","53","2:09:15.100"
"77","Monaco","10 May 1959",1959,"Jack Brabham","Cooper Climax","100","2:55:51.300"
"78","India","30 May 1959",1959,"Rodger Ward","Watson Offenhauser","200","3:40:49.200"
"79","Dutch","31 May 1959",1959,"Jo Bonnier","BRM","75","2:05:26.800"
"80","French","05 Jul 1959",1959,"Tony Brooks","Ferrari","50","2:01:26.500"
"81","British","18 Jul 1959",1959,"Jack Brabham","Cooper Climax","75","2:30:11.600"
"82","German","02 Aug 1959",1959,"Tony Brooks","Ferrari","60","2:09:31.600"
"83","Portuguese","23 Aug 1959",1959,"Stirling Moss","Cooper Climax","62","2:11:55.410"
"84","Italian","13 Sep 1959",1959,"Stirling Moss","Cooper Climax","72","2:04:05.400"
"85","United States","12 Dec 1959",1959,"Bruce McLaren","Cooper Climax","42","2:12:35.700"
"86","Argentine","07 Feb 1960",1960,"Bruce McLaren","Cooper Climax","80","2:17:49.500"
"87","Monaco","29 May 1960",1960,"Stirling Moss","Lotus Climax","100","2:53:45.500"
"88","India","30 May 1960",1960,"Jim Rathmann","Watson Offenhauser","200","3:36:11.360"
"89","Dutch","06 Jun 1960",1960,"Jack Brabham","Cooper Climax","75","2:01:47.200"
"90","Belgian","19 Jun 1960",1960,"Jack Brabham","Cooper Climax","36","2:21:37.300"
"91","French","03 Jul 1960",1960,"Jack Brabham","Cooper Climax","50","1:57:24.900"
"92","British","16 Jul 1960",1960,"Jack Brabham","Cooper Climax","77","2:04:24.600"
"93","Portuguese","14 Aug 1960",1960,"Jack Brabham","Cooper Climax","55","2:19:00.030"
"94","Italian","04 Sep 1960",1960,"Phil Hill","Ferrari","50","2:21:09.200"
"95","United States","20 Nov 1960",1960,"Stirling Moss","Lotus Climax","75","2:28:52.200"
"96","Monaco","14 May 1961",1961,"Stirling Moss","Lotus Climax","100","2:45:50.100"
"97","Dutch","22 May 1961",1961,"Wolfgang von Trips","Ferrari","75","2:01:52.100"
"98","Belgian","18 Jun 1961",1961,"Phil Hill","Ferrari","30","2:03:03.800"
"99","French","02 Jul 1961",1961,"Giancarlo Baghetti","Ferrari","52","2:14:17.500"
"100","British","15 Jul 1961",1961,"Wolfgang von Trips","Ferrari","75","2:40:53.600"
"101","German","06 Aug 1961",1961,"Stirling Moss","Lotus Climax","15","2:18:12.400"
"102","Italian","10 Sep 1961",1961,"Phil Hill","Ferrari","43","2:03:13.000"
"103","United States","08 Oct 1961",1961,"Innes Ireland","Lotus Climax","100","2:13:45.800"
"104","Dutch","20 May 1962",1962,"Graham Hill","BRM","80","2:11:02.100"
"105","Monaco","03 Jun 1962",1962,"Bruce McLaren","Cooper Climax","100","2:46:29.700"
"106","Belgian","17 Jun 1962",1962,"Jim Clark","Lotus Climax","32","2:07:32.300"
"107","French","08 Jul 1962",1962,"Dan Gurney","Porsche","54","2:07:35.500"
"108","British","21 Jul 1962",1962,"Jim Clark","Lotus Climax","75","2:26:20.800"
"109","German","05 Aug 1962",1962,"Graham Hill","BRM","15","2:38:45.300"
"110","Italian","16 Sep 1962",1962,"Graham Hill","BRM","86","2:29:08.400"
"111","United States","07 Oct 1962",1962,"Jim Clark","Lotus Climax","100","2:07:13.000"
"112","South African","29 Dec 1962",1962,"Graham Hill","BRM","82","2:08:03.300"
"113","Monaco","26 May 1963",1963,"Graham Hill","BRM","100","2:41:49.700"
"114","Belgian","09 Jun 1963",1963,"Jim Clark","Lotus Climax","32","2:27:47.600"
"115","Dutch","23 Jun 1963",1963,"Jim Clark","Lotus Climax","80","2:08:13.700"
"116","French","30 Jun 1963",1963,"Jim Clark","Lotus Climax","53","2:10:54.300"
"117","British","20 Jul 1963",1963,"Jim Clark","Lotus Climax","82","2:14:09.600"
"118","German","04 Aug 1963",1963,"John Surtees","Ferrari","15","2:13:06.800"
"119","Italian","08 Sep 1963",1963,"Jim Clark","Lotus Climax","86","2:24:19.600"
"120","United States","06 Oct 1963",1963,"Graham Hill","BRM","110","2:19:22.100"
"121","Mexican","27 Oct 1963",1963,"Jim Clark","Lotus Climax","65","2:09:52.100"
"122","South African","28 Dec 1963",1963,"Jim Clark","Lotus Climax","85","2:10:36.900"
"123","Monaco","10 May 1964",1964,"Graham Hill","BRM","100","2:41:19.500"
"124","Dutch","24 May 1964",1964,"Jim Clark","Lotus Climax","80","2:07:35.400"
"125","Belgian","14 Jun 1964",1964,"Jim Clark","Lotus Climax","32","2:06:40.500"
"126","French","28 Jun 1964",1964,"Dan Gurney","Brabham Climax","57","2:07:49.100"
"127","British","11 Jul 1964",1964,"Jim Clark","Lotus Climax","80","2:15:07.000"
"128","German","02 Aug 1964",1964,"John Surtees","Ferrari","15","2:12:04.800"
"129","Austrian","23 Aug 1964",1964,"Lorenzo Bandini","Ferrari","105","2:06:18.230"
"130","Italian","06 Sep 1964",1964,"John Surtees","Ferrari","78","2:10:51.800"
"131","United States","04 Oct 1964",1964,"Graham Hill","BRM","110","2:16:38.000"
"132","Mexican","25 Oct 1964",1964,"Dan Gurney","Brabham Climax","65","2:09:50.320"
"133","South African","01 Jan 1965",1965,"Jim Clark","Lotus Climax","85","2:06:46.000"
"134","Monaco","30 May 1965",1965,"Graham Hill","BRM","100","2:37:39.600"
"135","Belgian","13 Jun 1965",1965,"Jim Clark","Lotus Climax","32","2:23:34.800"
"136","French","27 Jun 1965",1965,"Jim Clark","Lotus Climax","40","2:14:38.400"
"137","British","10 Jul 1965",1965,"Jim Clark","Lotus Climax","80","2:05:25.400"
"138","Dutch","18 Jul 1965",1965,"Jim Clark","Lotus Climax","80","2:03:59.100"
"139","German","01 Aug 1965",1965,"Jim Clark","Lotus Climax","15","2:07:52.400"
"140","Italian","12 Sep 1965",1965,"Jackie Stewart","BRM","76","2:04:52.800"
"141","United States","03 Oct 1965",1965,"Graham Hill","BRM","110","2:20:36.100"
"142","Mexican","24 Oct 1965",1965,"Richie Ginther","Honda","65","2:08:32.100"
"143","Monaco","22 May 1966",1966,"Jackie Stewart","BRM","100","2:33:10.500"
"144","Belgian","12 Jun 1966",1966,"John Surtees","Ferrari","28","2:09:11.300"
"145","French","03 Jul 1966",1966,"Jack Brabham","Brabham Repco","48","1:48:31.300"
"146","British","16 Jul 1966",1966,"Jack Brabham","Brabham Repco","80","2:13:13.400"
"147","Dutch","24 Jul 1966",1966,"Jack Brabham","Brabham Repco","90","2:20:32.500"
"148","German","07 Aug 1966",1966,"Jack Brabham","Brabham Repco","15","2:27:03.000"
"149","Italian","04 Sep 1966",1966,"Ludovico Scarfiotti","Ferrari","68","1:47:14.800"
"150","United States","02 Oct 1966",1966,"Jim Clark","Lotus BRM","108","2:09:40.100"
"151","Mexican","23 Oct 1966",1966,"John Surtees","Cooper Maserati","65","2:06:35.340"
"152","South African","02 Jan 1967",1967,"Pedro Rodriguez","Cooper Maserati","80","2:05:45.900"
"153","Monaco","07 May 1967",1967,"Denny Hulme","Brabham Repco","100","2:34:34.300"
"154","Dutch","04 Jun 1967",1967,"Jim Clark","Lotus Ford","90","2:14:45.100"
"155","Belgian","18 Jun 1967",1967,"Dan Gurney","Eagle Weslake","28","1:40:49.400"
"156","French","02 Jul 1967",1967,"Jack Brabham","Brabham Repco","80","2:13:21.300"
"157","British","15 Jul 1967",1967,"Jim Clark","Lotus Ford","80","1:59:25.600"
"158","German","06 Aug 1967",1967,"Denny Hulme","Brabham Repco","15","2:05:55.700"
"159","Canadian","27 Aug 1967",1967,"Jack Brabham","Brabham Repco","90","2:40:40.000"
"160","Italian","10 Sep 1967",1967,"John Surtees","Honda","68","1:43:45.000"
"161","United States","01 Oct 1967",1967,"Jim Clark","Lotus Ford","108","2:03:13.200"
"162","Mexican","22 Oct 1967",1967,"Jim Clark","Lotus Ford","65","1:59:28.700"
"163","South African","01 Jan 1968",1968,"Jim Clark","Lotus Ford","80","1:53:56.600"
"164","Spanish","12 May 1968",1968,"Graham Hill","Lotus Ford","90","2:15:20.100"
"165","Monaco","26 May 1968",1968,"Graham Hill","Lotus Ford","80","2:00:32.300"
"166","Belgian","09 Jun 1968",1968,"Bruce McLaren","McLaren Ford","28","1:40:02.100"
"167","Dutch","23 Jun 1968",1968,"Jackie Stewart","Matra Ford","90","2:46:11.260"
"168","French","07 Jul 1968",1968,"Jacky Ickx","Ferrari","60","2:25:40.900"
"169","British","20 Jul 1968",1968,"Jo Siffert","Lotus Ford","80","2:01:20.300"
"170","German","04 Aug 1968",1968,"Jackie Stewart","Matra Ford","14","2:19:03.200"
"171","Italian","08 Sep 1968",1968,"Denny Hulme","McLaren Ford","68","1:40:14.800"
"172","Canadian","22 Sep 1968",1968,"Denny Hulme","McLaren Ford","90","2:27:11.200"
"173","United States","06 Oct 1968",1968,"Jackie Stewart","Matra Ford","108","1:59:20.290"
"174","Mexican","03 Nov 1968",1968,"Graham Hill","Lotus Ford","65","1:56:43.950"
"175","South African","01 Mar 1969",1969,"Jackie Stewart","Matra Ford","80","1:50:39.100"
"176","Spanish","04 May 1969",1969,"Jackie Stewart","Matra Ford","90","2:16:53.990"
"177","Monaco","18 May 1969",1969,"Graham Hill","Lotus Ford","80","1:56:59.400"
"178","Dutch","21 Jun 1969",1969,"Jackie Stewart","Matra Ford","90","2:06:42.080"
"179","French","06 Jul 1969",1969,"Jackie Stewart","Matra Ford","38","1:56:47.400"
"180","British","19 Jul 1969",1969,"Jackie Stewart","Matra Ford","84","1:55:55.600"
"181","German","03 Aug 1969",1969,"Jacky Ickx","Brabham Ford","14","1:49:55.400"
"182","Italian","07 Sep 1969",1969,"Jackie Stewart","Matra Ford","68","1:39:11.260"
"183","Canadian","20 Sep 1969",1969,"Jacky Ickx","Brabham Ford","90","1:59:25.700"
"184","United States","05 Oct 1969",1969,"Jochen Rindt","Lotus Ford","108","1:57:56.840"
"185","Mexican","19 Oct 1969",1969,"Denny Hulme","McLaren Ford","65","1:54:08.800"
"186","South African","07 Mar 1970",1970,"Jack Brabham","Brabham Ford","80","1:49:34.600"
"187","Spanish","19 Apr 1970",1970,"Jackie Stewart","March Ford","90","2:10:58.200"
"188","Monaco","10 May 1970",1970,"Jochen Rindt","Lotus Ford","80","1:54:36.600"
"189","Belgian","07 Jun 1970",1970,"Pedro Rodriguez","BRM","28","1:38:09.900"
"190","Dutch","21 Jun 1970",1970,"Jochen Rindt","Lotus Ford","80","1:50:43.410"
"191","French","05 Jul 1970",1970,"Jochen Rindt","Lotus Ford","38","1:55:57.000"
"192","British","18 Jul 1970",1970,"Jochen Rindt","Lotus Ford","80","1:57:02.000"
"193","German","02 Aug 1970",1970,"Jochen Rindt","Lotus Ford","50","1:42:00.300"
"194","Austrian","16 Aug 1970",1970,"Jacky Ickx","Ferrari","60","1:42:17.320"
"195","Italian","06 Sep 1970",1970,"Clay Regazzoni","Ferrari","68","1:39:06.880"
"196","Canadian","20 Sep 1970",1970,"Jacky Ickx","Ferrari","90","2:21:18.400"
"197","United States","04 Oct 1970",1970,"Emerson Fittipaldi","Lotus Ford","108","1:57:32.790"
"198","Mexican","25 Oct 1970",1970,"Jacky Ickx","Ferrari","65","1:53:28.360"
"199","South African","06 Mar 1971",1971,"Mario Andretti","Ferrari","79","1:47:35.500"
"200","Spanish","18 Apr 1971",1971,"Jackie Stewart","Tyrrell Ford","75","1:49:03.400"
"201","Monaco","23 May 1971",1971,"Jackie Stewart","Tyrrell Ford","80","1:52:21.300"
"202","Dutch","20 Jun 1971",1971,"Jacky Ickx","Ferrari","70","1:56:20.090"
"203","French","04 Jul 1971",1971,"Jackie Stewart","Tyrrell Ford","55","1:46:41.680"
"204","British","17 Jul 1971",1971,"Jackie Stewart","Tyrrell Ford","68","1:31:31.500"
"205","German","01 Aug 1971",1971,"Jackie Stewart","Tyrrell Ford","12","1:29:15.700"
"206","Austrian","15 Aug 1971",1971,"Jo Siffert","BRM","54","1:30:23.910"
"207","Italian","05 Sep 1971",1971,"Peter Gethin","BRM","55","1:18:12.600"
"208","Canadian","19 Sep 1971",1971,"Jackie Stewart","Tyrrell Ford","64","1:55:12.900"
"209","United States","03 Oct 1971",1971,"Francois Cevert","Tyrrell Ford","59","1:43:51.991"
"210","Argentine","23 Jan 1972",1972,"Jackie Stewart","Tyrrell Ford","95","1:57:58.820"
"211","South African","04 Mar 1972",1972,"Denny Hulme","McLaren Ford","79","1:45:49.100"
"212","Spanish","01 May 1972",1972,"Emerson Fittipaldi","Lotus Ford","90","2:03:41.230"
"213","Monaco","14 May 1972",1972,"Jean-Pierre Beltoise","BRM","80","2:26:54.700"
"214","Belgian","04 Jun 1972",1972,"Emerson Fittipaldi","Lotus Ford","85","1:44:06.700"
"215","French","02 Jul 1972",1972,"Jackie Stewart","Tyrrell Ford","38","1:52:21.500"
"216","British","15 Jul 1972",1972,"Emerson Fittipaldi","Lotus Ford","76","1:47:50.200"
"217","German","30 Jul 1972",1972,"Jacky Ickx","Ferrari","14","1:42:12.300"
"218","Austrian","13 Aug 1972",1972,"Emerson Fittipaldi","Lotus Ford","54","1:29:16.660"
"219","Italian","10 Sep 1972",1972,"Emerson Fittipaldi","Lotus Ford","55","1:29:58.400"
"220","Canadian","24 Sep 1972",1972,"Jackie Stewart","Tyrrell Ford","80","1:43:16.900"
"221","United States","08 Oct 1972",1972,"Jackie Stewart","Tyrrell Ford","59","1:41:45.354"
"222","Argentine","28 Jan 1973",1973,"Emerson Fittipaldi","Lotus Ford","96","1:56:18.220"
"223","Brazilian","11 Feb 1973",1973,"Emerson Fittipaldi","Lotus Ford","40","1:43:55.600"
"224","South African","03 Mar 1973",1973,"Jackie Stewart","Tyrrell Ford","79","1:43:11.070"
"225","Spanish","29 Apr 1973",1973,"Emerson Fittipaldi","Lotus Ford","75","1:48:18.700"
"226","Belgian","20 May 1973",1973,"Jackie Stewart","Tyrrell Ford","70","1:42:13.430"
"227","Monaco","03 Jun 1973",1973,"Jackie Stewart","Tyrrell Ford","78","1:57:44.300"
"228","Swedish","17 Jun 1973",1973,"Denny Hulme","McLaren Ford","80","1:56:46.049"
"229","French","01 Jul 1973",1973,"Ronnie Peterson","Lotus Ford","54","1:41:36.520"
"230","British","14 Jul 1973",1973,"Peter Revson","McLaren Ford","67","1:29:18.500"
"231","Dutch","29 Jul 1973",1973,"Jackie Stewart","Tyrrell Ford","72","1:39:12.450"
"232","German","05 Aug 1973",1973,"Jackie Stewart","Tyrrell Ford","14","1:42:03.000"
"233","Austrian","19 Aug 1973",1973,"Ronnie Peterson","Lotus Ford","54","1:28:48.780"
"234","Italian","09 Sep 1973",1973,"Ronnie Peterson","Lotus Ford","55","1:29:17.000"
"235","Canadian","23 Sep 1973",1973,"Peter Revson","McLaren Ford","80","1:59:04.083"
"236","United States","07 Oct 1973",1973,"Ronnie Peterson","Lotus Ford","59","1:41:15.799"
"237","Argentine","13 Jan 1974",1974,"Denny Hulme","McLaren Ford","53","1:41:02.010"
"238","Brazilian","27 Jan 1974",1974,"Emerson Fittipaldi","McLaren Ford","32","1:24:37.060"
"239","South African","30 Mar 1974",1974,"Carlos Reutemann","Brabham Ford","78","1:42:40.960"
"240","Spanish","28 Apr 1974",1974,"Niki Lauda","Ferrari","84","2:00:29.560"
"241","Belgian","12 May 1974",1974,"Emerson Fittipaldi","McLaren Ford","85","1:44:20.570"
"242","Monaco","26 May 1974",1974,"Ronnie Peterson","Lotus Ford","78","1:58:03.700"
"243","Swedish","09 Jun 1974",1974,"Jody Scheckter","Tyrrell Ford","80","1:58:31.391"
"244","Dutch","23 Jun 1974",1974,"Niki Lauda","Ferrari","75","1:43:00.350"
"245","French","07 Jul 1974",1974,"Ronnie Peterson","Lotus Ford","80","1:21:55.020"
"246","British","20 Jul 1974",1974,"Jody Scheckter","Tyrrell Ford","75","1:43:02.200"
"247","German","04 Aug 1974",1974,"Clay Regazzoni","Ferrari","14","1:41:35.000"
"248","Austrian","18 Aug 1974",1974,"Carlos Reutemann","Brabham Ford","54","1:28:44.720"
"249","Italian","08 Sep 1974",1974,"Ronnie Peterson","Lotus Ford","52","1:22:56.600"
"250","Canadian","22 Sep 1974",1974,"Emerson Fittipaldi","McLaren Ford","80","1:40:26.136"
"251","United States","06 Oct 1974",1974,"Carlos Reutemann","Brabham Ford","59","1:40:21.439"
"252","Argentine","12 Jan 1975",1975,"Emerson Fittipaldi","McLaren Ford","53","1:39:26.290"
"253","Brazilian","26 Jan 1975",1975,"Carlos Pace","Brabham Ford","40","1:44:41.170"
"254","South African","01 Mar 1975",1975,"Jody Scheckter","Tyrrell Ford","78","1:43:16.900"
"255","Spanish","27 Apr 1975",1975,"Jochen Mass","McLaren Ford","29","42:53.700"
"256","Monaco","11 May 1975",1975,"Niki Lauda","Ferrari","75","2:01:21.310"
"257","Belgian","25 May 1975",1975,"Niki Lauda","Ferrari","70","1:43:53.980"
"258","Swedish","08 Jun 1975",1975,"Niki Lauda","Ferrari","80","1:59:18.319"
"259","Dutch","22 Jun 1975",1975,"James Hunt","Hesketh Ford","75","1:46:57.400"
"260","French","06 Jul 1975",1975,"Niki Lauda","Ferrari","54","1:40:18.840"
"261","British","19 Jul 1975",1975,"Emerson Fittipaldi","McLaren Ford","56","1:22:05.000"
"262","German","03 Aug 1975",1975,"Carlos Reutemann","Brabham Ford","14","1:41:14.100"
"263","Austrian","17 Aug 1975",1975,"Vittorio Brambilla","March Ford","29","57:56.690"
"264","Italian","07 Sep 1975",1975,"Clay Regazzoni","Ferrari","52","1:22:42.600"
"265","United States","05 Oct 1975",1975,"Niki Lauda","Ferrari","59","1:42:58.175"
"266","Brazilian","25 Jan 1976",1976,"Niki Lauda","Ferrari","40","1:45:16.780"
"267","South African","06 Mar 1976",1976,"Niki Lauda","Ferrari","78","1:42:18.400"
"268","United States Gran","28 Mar 1976",1976,"Clay Regazzoni","Ferrari","80","1:53:18.471"
"269","Spanish","02 May 1976",1976,"James Hunt","McLaren Ford","75","1:42:20.430"
"270","Belgian","16 May 1976",1976,"Niki Lauda","Ferrari","70","1:42:53.230"
"271","Monaco","30 May 1976",1976,"Niki Lauda","Ferrari","78","1:59:51.470"
"272","Swedish","13 Jun 1976",1976,"Jody Scheckter","Tyrrell Ford","72","1:46:53.729"
"273","French","04 Jul 1976",1976,"James Hunt","McLaren Ford","54","1:40:58.600"
"274","British","18 Jul 1976",1976,"Niki Lauda","Ferrari","76","1:44:19.660"
"275","German","01 Aug 1976",1976,"James Hunt","McLaren Ford","14","1:41:42.700"
"276","Austrian","15 Aug 1976",1976,"John Watson","Penske Ford","54","1:30:07.860"
"277","Dutch","29 Aug 1976",1976,"James Hunt","McLaren Ford","75","1:44:52.090"
"278","Italian","12 Sep 1976",1976,"Ronnie Peterson","March Ford","52","1:30:35.600"
"279","Canadian","03 Oct 1976",1976,"James Hunt","McLaren Ford","80","1:40:09.626"
"280","United States","10 Oct 1976",1976,"James Hunt","McLaren Ford","59","1:42:40.741"
"281","Japanese","24 Oct 1976",1976,"Mario Andretti","Lotus Ford","73","1:43:58.860"
"282","Argentine","09 Jan 1977",1977,"Jody Scheckter","Wolf Ford","53","1:40:11.190"
"283","Brazilian","23 Jan 1977",1977,"Carlos Reutemann","Ferrari","40","1:45:07.720"
"284","South African","05 Mar 1977",1977,"Niki Lauda","Ferrari","78","1:42:21.600"
"285","United States Gran","03 Apr 1977",1977,"Mario Andretti","Lotus Ford","80","1:51:35.470"
"286","Spanish","08 May 1977",1977,"Mario Andretti","Lotus Ford","75","1:42:52.220"
"287","Monaco","22 May 1977",1977,"Jody Scheckter","Wolf Ford","76","1:57:52.770"
"288","Belgian","05 Jun 1977",1977,"Gunnar Nilsson","Lotus Ford","70","1:55:05.710"
"289","Swedish","19 Jun 1977",1977,"Jacques Laffite","Ligier Matra","72","1:46:55.520"
"290","French","03 Jul 1977",1977,"Mario Andretti","Lotus Ford","80","1:39:40.130"
"291","British","16 Jul 1977",1977,"James Hunt","McLaren Ford","68","1:31:46.060"
"292","German","31 Jul 1977",1977,"Niki Lauda","Ferrari","47","1:31:48.620"
"293","Austrian","14 Aug 1977",1977,"Alan Jones","Shadow Ford","54","1:37:16.490"
"294","Dutch","28 Aug 1977",1977,"Niki Lauda","Ferrari","75","1:41:45.930"
"295","Italian","11 Sep 1977",1977,"Mario Andretti","Lotus Ford","52","1:27:50.300"
"296","United States","02 Oct 1977",1977,"James Hunt","McLaren Ford","59","1:58:23.267"
"297","Canadian","09 Oct 1977",1977,"Jody Scheckter","Wolf Ford","80","1:40:00.000"
"298","Japanese","23 Oct 1977",1977,"James Hunt","McLaren Ford","73","1:31:51.680"
"299","Argentine","15 Jan 1978",1978,"Mario Andretti","Lotus Ford","52","1:37:04.470"
"300","Brazilian","29 Jan 1978",1978,"Carlos Reutemann","Ferrari","63","1:49:59.860"
"301","South African","04 Mar 1978",1978,"Ronnie Peterson","Lotus Ford","78","1:42:15.767"
"302","United States Gran","02 Apr 1978",1978,"Carlos Reutemann","Ferrari","80","1:52:01.301"
"303","Monaco","07 May 1978",1978,"Patrick Depailler","Tyrrell Ford","75","1:55:14.660"
"304","Belgian","21 May 1978",1978,"Mario Andretti","Lotus Ford","70","1:39:52.020"
"305","Spanish","04 Jun 1978",1978,"Mario Andretti","Lotus Ford","75","1:41:47.060"
"306","Swedish","17 Jun 1978",1978,"Niki Lauda","Brabham Alfa Romeo","70","1:41:00.606"
"307","French","02 Jul 1978",1978,"Mario Andretti","Lotus Ford","54","1:38:51.920"
"308","British","16 Jul 1978",1978,"Carlos Reutemann","Ferrari","76","1:42:12.390"
"309","German","30 Jul 1978",1978,"Mario Andretti","Lotus Ford","45","1:28:00.900"
"310","Austrian","13 Aug 1978",1978,"Ronnie Peterson","Lotus Ford","54","1:41:21.570"
"311","Dutch","27 Aug 1978",1978,"Mario Andretti","Lotus Ford","75","1:41:04.230"
"312","Italian","10 Sep 1978",1978,"Niki Lauda","Brabham Alfa Romeo","40","1:07:04.540"
"313","United States","01 Oct 1978",1978,"Carlos Reutemann","Ferrari","59","1:40:48.800"
"314","Canadian","08 Oct 1978",1978,"Gilles Villeneuve","Ferrari","70","1:57:49.196"
"315","Argentine","21 Jan 1979",1979,"Jacques Laffite","Ligier Ford","53","1:36:03.210"
"316","Brazilian","04 Feb 1979",1979,"Jacques Laffite","Ligier Ford","40","1:40:09.640"
"317","South African","03 Mar 1979",1979,"Gilles Villeneuve","Ferrari","78","1:41:49.960"
"318","United States Gran","08 Apr 1979",1979,"Gilles Villeneuve","Ferrari","80","1:50:25.400"
"319","Spanish","29 Apr 1979",1979,"Patrick Depailler","Ligier Ford","75","1:39:11.840"
"320","Belgian","13 May 1979",1979,"Jody Scheckter","Ferrari","70","1:39:59.530"
"321","Monaco","27 May 1979",1979,"Jody Scheckter","Ferrari","76","1:55:22.480"
"322","French","01 Jul 1979",1979,"Jean-Pierre Jabouille","Renault","80","1:35:20.420"
"323","British","14 Jul 1979",1979,"Clay Regazzoni","Williams Ford","68","1:26:11.170"
"324","German","29 Jul 1979",1979,"Alan Jones","Williams Ford","45","1:24:48.830"
"325","Austrian","12 Aug 1979",1979,"Alan Jones","Williams Ford","54","1:27:38.010"
"326","Dutch","26 Aug 1979",1979,"Alan Jones","Williams Ford","75","1:41:19.775"
"327","Italian","09 Sep 1979",1979,"Jody Scheckter","Ferrari","50","1:22:00.220"
"328","Canadian","30 Sep 1979",1979,"Alan Jones","Williams Ford","72","1:52:06.892"
"329","United States","07 Oct 1979",1979,"Gilles Villeneuve","Ferrari","59","1:52:17.734"
"330","Argentine","13 Jan 1980",1980,"Alan Jones","Williams Ford","53","1:43:24.380"
"331","Brazilian","27 Jan 1980",1980,"Rene Arnoux","Renault","40","1:40:01.330"
"332","South African","01 Mar 1980",1980,"Rene Arnoux","Renault","78","1:36:52.540"
"333","United States Gran","30 Mar 1980",1980,"Nelson Piquet","Brabham Ford","80","1:50:18.550"
"334","Belgian","04 May 1980",1980,"Didier Pironi","Ligier Ford","72","1:38:46.510"
"335","Monaco","18 May 1980",1980,"Carlos Reutemann","Williams Ford","76","1:55:34.365"
"336","French","29 Jun 1980",1980,"Alan Jones","Williams Ford","54","1:32:43.420"
"337","British","13 Jul 1980",1980,"Alan Jones","Williams Ford","76","1:34:49.228"
"338","German","10 Aug 1980",1980,"Jacques Laffite","Ligier Ford","45","1:22:59.730"
"339","Austrian","17 Aug 1980",1980,"Jean-Pierre Jabouille","Renault","54","1:26:15.730"
"340","Dutch","31 Aug 1980",1980,"Nelson Piquet","Brabham Ford","72","1:38:13.830"
"341","Italian","14 Sep 1980",1980,"Nelson Piquet","Brabham Ford","60","1:38:07.520"
"342","Canadian","28 Sep 1980",1980,"Alan Jones","Williams Ford","70","1:46:45.530"
"343","United States","05 Oct 1980",1980,"Alan Jones","Williams Ford","59","1:34:36.050"
"344","United States Gran","15 Mar 1981",1981,"Alan Jones","Williams Ford","80","1:50:41.330"
"345","Brazilian","29 Mar 1981",1981,"Carlos Reutemann","Williams Ford","62","2:00:23.660"
"346","Argentine","12 Apr 1981",1981,"Nelson Piquet","Brabham Ford","53","1:34:32.740"
"347","San Marino","03 May 1981",1981,"Nelson Piquet","Brabham Ford","60","1:51:23.970"
"348","Belgian","17 May 1981",1981,"Carlos Reutemann","Williams Ford","54","1:16:31.610"
"349","Monaco","31 May 1981",1981,"Gilles Villeneuve","Ferrari","76","1:54:23.380"
"350","Spanish","21 Jun 1981",1981,"Gilles Villeneuve","Ferrari","80","1:46:35.010"
"351","French","05 Jul 1981",1981,"Alain Prost","Renault","80","1:35:48.130"
"352","British","18 Jul 1981",1981,"John Watson","McLaren Ford","68","1:26:54.800"
"353","German","02 Aug 1981",1981,"Nelson Piquet","Brabham Ford","45","1:25:55.600"
"354","Austrian","16 Aug 1981",1981,"Jacques Laffite","Ligier Matra","53","1:27:36.470"
"355","Dutch","30 Aug 1981",1981,"Alain Prost","Renault","72","1:40:22.430"
"356","Italian","13 Sep 1981",1981,"Alain Prost","Renault","52","1:26:33.897"
"357","Canadian","27 Sep 1981",1981,"Jacques Laffite","Ligier Matra","63","2:01:25.205"
"358","Caesars Palace","17 Oct 1981",1981,"Alan Jones","Williams Ford","75","1:44:09.077"
"359","South African","23 Jan 1982",1982,"Alain Prost","Renault","77","1:32:08.401"
"360","Brazilian","21 Mar 1982",1982,"Alain Prost","Renault","63","1:44:33.134"
"361","United States Gran","04 Apr 1982",1982,"Niki Lauda","McLaren Ford","75","1:58:25.318"
"362","San Marino","25 Apr 1982",1982,"Didier Pironi","Ferrari","60","1:36:38.887"
"363","Belgian","09 May 1982",1982,"John Watson","McLaren Ford","70","1:35:41.995"
"364","Monaco","23 May 1982",1982,"Riccardo Patrese","Brabham Ford","76","1:54:11.259"
"365","Detroit","06 Jun 1982",1982,"John Watson","McLaren Ford","62","1:58:41.043"
"366","Canadian","13 Jun 1982",1982,"Nelson Piquet","Brabham BMW","70","1:46:39.577"
"367","Dutch","03 Jul 1982",1982,"Didier Pironi","Ferrari","72","1:38:03.254"
"368","British","18 Jul 1982",1982,"Niki Lauda","McLaren Ford","76","1:35:33.812"
"369","French","25 Jul 1982",1982,"Rene Arnoux","Renault","54","1:33:33.217"
"370","German","08 Aug 1982",1982,"Patrick Tambay","Ferrari","45","1:27:25.178"
"371","Austrian","15 Aug 1982",1982,"Elio de Angelis","Lotus Ford","53","1:25:02.212"
"372","Swiss","29 Aug 1982",1982,"Keke Rosberg","Williams Ford","80","1:32:41.087"
"373","Italian","12 Sep 1982",1982,"Rene Arnoux","Renault","52","1:22:25.734"
"374","Caesars Palace","25 Sep 1982",1982,"Michele Alboreto","Tyrrell Ford","75","1:41:56.888"
"375","Brazilian","13 Mar 1983",1983,"Nelson Piquet","Brabham BMW","63","1:48:27.731"
"376","United States Gran","27 Mar 1983",1983,"John Watson","McLaren Ford","75","1:53:34.889"
"377","French","17 Apr 1983",1983,"Alain Prost","Renault","54","1:34:13.913"
"378","San Marino","01 May 1983",1983,"Patrick Tambay","Ferrari","60","1:37:52.460"
"379","Monaco","15 May 1983",1983,"Keke Rosberg","Williams Ford","76","1:56:38.121"
"380","Belgian","22 May 1983",1983,"Alain Prost","Renault","40","1:27:11.502"
"381","Detroit","05 Jun 1983",1983,"Michele Alboreto","Tyrrell Ford","60","1:50:53.669"
"382","Canadian","12 Jun 1983",1983,"Rene Arnoux","Ferrari","70","1:48:31.838"
"383","British","16 Jul 1983",1983,"Alain Prost","Renault","67","1:24:39.780"
"384","German","07 Aug 1983",1983,"Rene Arnoux","Ferrari","45","1:27:10.319"
"385","Austrian","14 Aug 1983",1983,"Alain Prost","Renault","53","1:24:32.745"
"386","Dutch","28 Aug 1983",1983,"Rene Arnoux","Ferrari","72","1:38:41.950"
"387","Italian","11 Sep 1983",1983,"Nelson Piquet","Brabham BMW","52","1:23:10.880"
"388","European","25 Sep 1983",1983,"Nelson Piquet","Brabham BMW","76","1:36:45.865"
"389","South African","15 Oct 1983",1983,"Riccardo Patrese","Brabham BMW","77","1:33:25.708"
"390","Brazilian","25 Mar 1984",1984,"Alain Prost","McLaren TAG","61","1:42:34.492"
"391","South African","07 Apr 1984",1984,"Niki Lauda","McLaren TAG","75","1:29:23.430"
"392","Belgian","29 Apr 1984",1984,"Michele Alboreto","Ferrari","70","1:36:32.048"
"393","San Marino","06 May 1984",1984,"Alain Prost","McLaren TAG","60","1:36:53.679"
"394","French","20 May 1984",1984,"Niki Lauda","McLaren TAG","79","1:31:11.951"
"395","Monaco","03 Jun 1984",1984,"Alain Prost","McLaren TAG","31","1:01:07.740"
"396","Canadian","17 Jun 1984",1984,"Nelson Piquet","Brabham BMW","70","1:46:23.748"
"397","Detroit","24 Jun 1984",1984,"Nelson Piquet","Brabham BMW","63","1:55:41.842"
"398","Dallas","08 Jul 1984",1984,"Keke Rosberg","Williams Honda","67","2:01:22.617"
"399","British","22 Jul 1984",1984,"Niki Lauda","McLaren TAG","71","1:29:28.532"
"400","German","05 Aug 1984",1984,"Alain Prost","McLaren TAG","44","1:24:43.210"
"401","Austrian","19 Aug 1984",1984,"Niki Lauda","McLaren TAG","51","1:21:12.851"
"402","Dutch","26 Aug 1984",1984,"Alain Prost","McLaren TAG","71","1:37:21.468"
"403","Italian","09 Sep 1984",1984,"Niki Lauda","McLaren TAG","51","1:20:29.065"
"404","European","07 Oct 1984",1984,"Alain Prost","McLaren TAG","67","1:35:13.284"
"405","Portuguese","21 Oct 1984",1984,"Alain Prost","McLaren TAG","70","1:41:11.753"
"406","Brazilian","07 Apr 1985",1985,"Alain Prost","McLaren TAG","61","1:41:26.115"
"407","Portuguese","21 Apr 1985",1985,"Ayrton Senna","Lotus Renault","67","2:00:28.006"
"408","San Marino","05 May 1985",1985,"Elio de Angelis","Lotus Renault","60","1:34:35.955"
"409","Monaco","19 May 1985",1985,"Alain Prost","McLaren TAG","78","1:51:58.034"
"410","Canadian","16 Jun 1985",1985,"Michele Alboreto","Ferrari","70","1:46:01.813"
"411","Detroit","23 Jun 1985",1985,"Keke Rosberg","Williams Honda","63","1:55:39.851"
"412","French","07 Jul 1985",1985,"Nelson Piquet","Brabham BMW","53","1:31:46.266"
"413","British","21 Jul 1985",1985,"Alain Prost","McLaren TAG","65","1:18:10.436"
"414","German","04 Aug 1985",1985,"Michele Alboreto","Ferrari","67","1:35:31.337"
"415","Austrian","18 Aug 1985",1985,"Alain Prost","McLaren TAG","52","1:20:12.583"
"416","Dutch","25 Aug 1985",1985,"Niki Lauda","McLaren TAG","70","1:32:29.263"
"417","Italian","08 Sep 1985",1985,"Alain Prost","McLaren TAG","51","1:17:59.451"
"418","Belgian","15 Sep 1985",1985,"Ayrton Senna","Lotus Renault","43","1:34:19.893"
"419","European","06 Oct 1985",1985,"Nigel Mansell","Williams Honda","75","1:32:58.109"
"420","South African","19 Oct 1985",1985,"Nigel Mansell","Williams Honda","75","1:28:22.866"
"421","Australian","03 Nov 1985",1985,"Keke Rosberg","Williams Honda","82","2:00:40.473"
"422","Brazilian","23 Mar 1986",1986,"Nelson Piquet","Williams Honda","61","1:39:32.583"
"423","Spanish","13 Apr 1986",1986,"Ayrton Senna","Lotus Renault","72","1:48:47.735"
"424","San Marino","27 Apr 1986",1986,"Alain Prost","McLaren TAG","60","1:32:28.408"
"425","Monaco","11 May 1986",1986,"Alain Prost","McLaren TAG","78","1:55:41.060"
"426","Belgian","25 May 1986",1986,"Nigel Mansell","Williams Honda","43","1:27:57.925"
"427","Canadian","15 Jun 1986",1986,"Nigel Mansell","Williams Honda","69","1:42:26.415"
"428","Detroit","22 Jun 1986",1986,"Ayrton Senna","Lotus Renault","63","1:51:12.847"
"429","French","06 Jul 1986",1986,"Nigel Mansell","Williams Honda","80","1:37:19.272"
"430","British","13 Jul 1986",1986,"Nigel Mansell","Williams Honda","75","1:30:38.471"
"431","German","27 Jul 1986",1986,"Nelson Piquet","Williams Honda","44","1:22:08.263"
"432","Hungarian","10 Aug 1986",1986,"Nelson Piquet","Williams Honda","76","2:00:34.508"
"433","Austrian","17 Aug 1986",1986,"Alain Prost","McLaren TAG","52","1:21:22.531"
"434","Italian","07 Sep 1986",1986,"Nelson Piquet","Williams Honda","51","1:17:42.889"
"435","Portuguese","21 Sep 1986",1986,"Nigel Mansell","Williams Honda","70","1:37:21.900"
"436","Mexican","12 Oct 1986",1986,"Gerhard Berger","Benetton BMW","68","1:33:18.700"
"437","Australian","26 Oct 1986",1986,"Alain Prost","McLaren TAG","82","1:54:20.388"
"438","Brazilian","12 Apr 1987",1987,"Alain Prost","McLaren TAG","61","1:39:45.141"
"439","San Marino","03 May 1987",1987,"Nigel Mansell","Williams Honda","59","1:31:24.076"
"440","Belgian","17 May 1987",1987,"Alain Prost","McLaren TAG","43","1:27:03.217"
"441","Monaco","31 May 1987",1987,"Ayrton Senna","Lotus Honda","78","1:57:54.085"
"442","Detroit","21 Jun 1987",1987,"Ayrton Senna","Lotus Honda","63","1:50:16.358"
"443","French","05 Jul 1987",1987,"Nigel Mansell","Williams Honda","80","1:37:03.839"
"444","British","12 Jul 1987",1987,"Nigel Mansell","Williams Honda","65","1:19:11.780"
"445","German","26 Jul 1987",1987,"Nelson Piquet","Williams Honda","44","1:21:25.091"
"446","Hungarian","09 Aug 1987",1987,"Nelson Piquet","Williams Honda","76","1:59:26.793"
"447","Austrian","16 Aug 1987",1987,"Nigel Mansell","Williams Honda","52","1:18:44.898"
"448","Italian","06 Sep 1987",1987,"Nelson Piquet","Williams Honda","50","1:14:47.707"
"449","Portuguese","20 Sep 1987",1987,"Alain Prost","McLaren TAG","70","1:37:03.906"
"450","Spanish","27 Sep 1987",1987,"Nigel Mansell","Williams Honda","72","1:49:12.692"
"451","Mexican","18 Oct 1987",1987,"Nigel Mansell","Williams Honda","63","1:26:24.207"
"452","Japanese","01 Nov 1987",1987,"Gerhard Berger","Ferrari","51","1:32:58.072"
"453","Australian","15 Nov 1987",1987,"Gerhard Berger","Ferrari","82","1:52:56.144"
"454","Brazilian","03 Apr 1988",1988,"Alain Prost","McLaren Honda","60","1:36:06.857"
"455","San Marino","01 May 1988",1988,"Ayrton Senna","McLaren Honda","60","1:32:41.264"
"456","Monaco","15 May 1988",1988,"Alain Prost","McLaren Honda","78","1:57:17.077"
"457","Mexican","29 May 1988",1988,"Alain Prost","McLaren Honda","67","1:30:15.737"
"458","Canadian","12 Jun 1988",1988,"Ayrton Senna","McLaren Honda","69","1:39:46.618"
"459","Detroit","19 Jun 1988",1988,"Ayrton Senna","McLaren Honda","63","1:54:56.035"
"460","French","03 Jul 1988",1988,"Alain Prost","McLaren Honda","80","1:37:37.328"
"461","British","10 Jul 1988",1988,"Ayrton Senna","McLaren Honda","65","1:33:16.367"
"462","German","24 Jul 1988",1988,"Ayrton Senna","McLaren Honda","44","1:32:54.188"
"463","Hungarian","07 Aug 1988",1988,"Ayrton Senna","McLaren Honda","76","1:57:47.081"
"464","Belgian","28 Aug 1988",1988,"Ayrton Senna","McLaren Honda","43","1:28:00.549"
"465","Italian","11 Sep 1988",1988,"Gerhard Berger","Ferrari","51","1:17:39.744"
"466","Portuguese","25 Sep 1988",1988,"Alain Prost","McLaren Honda","70","1:37:40.958"
"467","Spanish","02 Oct 1988",1988,"Alain Prost","McLaren Honda","72","1:48:43.851"
"468","Japanese","30 Oct 1988",1988,"Ayrton Senna","McLaren Honda","51","1:33:26.173"
"469","Australian","13 Nov 1988",1988,"Alain Prost","McLaren Honda","82","1:53:14.676"
"470","Brazilian","26 Mar 1989",1989,"Nigel Mansell","Ferrari","61","1:38:58.744"
"471","San Marino","23 Apr 1989",1989,"Ayrton Senna","McLaren Honda","58","1:26:51.245"
"472","Monaco","07 May 1989",1989,"Ayrton Senna","McLaren Honda","77","1:53:33.251"
"473","Mexican","28 May 1989",1989,"Ayrton Senna","McLaren Honda","69","1:35:21.431"
"474","United States","04 Jun 1989",1989,"Alain Prost","McLaren Honda","75","2:01:33.133"
"475","Canadian","18 Jun 1989",1989,"Thierry Boutsen","Williams Renault","69","2:01:24.073"
"476","French","09 Jul 1989",1989,"Alain Prost","McLaren Honda","80","1:38:29.411"
"477","British","16 Jul 1989",1989,"Alain Prost","McLaren Honda","64","1:19:22.131"
"478","German","30 Jul 1989",1989,"Ayrton Senna","McLaren Honda","45","1:21:43.302"
"479","Hungarian","13 Aug 1989",1989,"Nigel Mansell","Ferrari","77","1:49:38.650"
"480","Belgian","27 Aug 1989",1989,"Ayrton Senna","McLaren Honda","44","1:40:54.196"
"481","Italian","10 Sep 1989",1989,"Alain Prost","McLaren Honda","53","1:19:27.550"
"482","Portuguese","24 Sep 1989",1989,"Gerhard Berger","Ferrari","71","1:36:48.546"
"483","Spanish","01 Oct 1989",1989,"Ayrton Senna","McLaren Honda","72","1:47:48.264"
"484","Japanese","22 Oct 1989",1989,"Alessandro Nannini","Benetton Ford","53","1:35:06.277"
"485","Australian","05 Nov 1989",1989,"Thierry Boutsen","Williams Renault","70","2:00:17.421"
"486","United States","11 Mar 1990",1990,"Ayrton Senna","McLaren Honda","72","1:52:32.829"
"487","Brazilian","25 Mar 1990",1990,"Alain Prost","Ferrari","71","1:37:21.258"
"488","San Marino","13 May 1990",1990,"Riccardo Patrese","Williams Renault","61","1:30:55.478"
"489","Monaco","27 May 1990",1990,"Ayrton Senna","McLaren Honda","78","1:52:46.982"
"490","Canadian","10 Jun 1990",1990,"Ayrton Senna","McLaren Honda","70","1:42:56.400"
"491","Mexican","24 Jun 1990",1990,"Alain Prost","Ferrari","69","1:32:35.783"
"492","French","08 Jul 1990",1990,"Alain Prost","Ferrari","80","1:33:29.606"
"493","British","15 Jul 1990",1990,"Alain Prost","Ferrari","64","1:18:30.999"
"494","German","29 Jul 1990",1990,"Ayrton Senna","McLaren Honda","45","1:20:47.164"
"495","Hungarian","12 Aug 1990",1990,"Thierry Boutsen","Williams Renault","77","1:49:30.597"
"496","Belgian","26 Aug 1990",1990,"Ayrton Senna","McLaren Honda","44","1:26:31.997"
"497","Italian","09 Sep 1990",1990,"Ayrton Senna","McLaren Honda","53","1:17:57.878"
"498","Portuguese","23 Sep 1990",1990,"Nigel Mansell","Ferrari","61","1:22:11.014"
"499","Spanish","30 Sep 1990",1990,"Alain Prost","Ferrari","73","1:48:01.461"
"500","Japanese","21 Oct 1990",1990,"Nelson Piquet","Benetton Ford","53","1:34:36.824"
"501","Australian","04 Nov 1990",1990,"Nelson Piquet","Benetton Ford","81","1:49:44.570"
"502","United States","10 Mar 1991",1991,"Ayrton Senna","McLaren Honda","81","2:00:47.828"
"503","Brazilian","24 Mar 1991",1991,"Ayrton Senna","McLaren Honda","71","1:38:28.128"
"504","San Marino","28 Apr 1991",1991,"Ayrton Senna","McLaren Honda","61","1:35:14.750"
"505","Monaco","12 May 1991",1991,"Ayrton Senna","McLaren Honda","78","1:53:02.334"
"506","Canadian","02 Jun 1991",1991,"Nelson Piquet","Benetton Ford","69","1:38:51.490"
"507","Mexican","16 Jun 1991",1991,"Riccardo Patrese","Williams Renault","67","1:29:52.205"
"508","French","07 Jul 1991",1991,"Nigel Mansell","Williams Renault","72","1:38:00.056"
"509","British","14 Jul 1991",1991,"Nigel Mansell","Williams Renault","59","1:27:35.479"
"510","German","28 Jul 1991",1991,"Nigel Mansell","Williams Renault","45","1:19:29.661"
"511","Hungarian","11 Aug 1991",1991,"Ayrton Senna","McLaren Honda","77","1:49:12.796"
"512","Belgian","25 Aug 1991",1991,"Ayrton Senna","McLaren Honda","44","1:27:17.669"
"513","Italian","08 Sep 1991",1991,"Nigel Mansell","Williams Renault","53","1:17:54.319"
"514","Portuguese","22 Sep 1991",1991,"Riccardo Patrese","Williams Renault","71","1:35:42.304"
"515","Spanish","29 Sep 1991",1991,"Nigel Mansell","Williams Renault","65","1:38:41.541"
"516","Japanese","20 Oct 1991",1991,"Gerhard Berger","McLaren Honda","53","1:32:10.695"
"517","Australian","03 Nov 1991",1991,"Ayrton Senna","McLaren Honda","14","24:34.899"
"518","South African","01 Mar 1992",1992,"Nigel Mansell","Williams Renault","72","1:36:45.320"
"519","Mexican","22 Mar 1992",1992,"Nigel Mansell","Williams Renault","69","1:31:53.587"
"520","Brazilian","05 Apr 1992",1992,"Nigel Mansell","Williams Renault","71","1:36:51.856"
"521","Spanish","03 May 1992",1992,"Nigel Mansell","Williams Renault","65","1:56:10.674"
"522","San Marino","17 May 1992",1992,"Nigel Mansell","Williams Renault","60","1:28:40.927"
"523","Monaco","31 May 1992",1992,"Ayrton Senna","McLaren Honda","78","1:50:59.372"
"524","Canadian","14 Jun 1992",1992,"Gerhard Berger","McLaren Honda","69","1:37:08.299"
"525","French","05 Jul 1992",1992,"Nigel Mansell","Williams Renault","69","1:38:08.459"
"526","British","12 Jul 1992",1992,"Nigel Mansell","Williams Renault","59","1:25:42.991"
"527","German","26 Jul 1992",1992,"Nigel Mansell","Williams Renault","45","1:18:22.032"
"528","Hungarian","16 Aug 1992",1992,"Ayrton Senna","McLaren Honda","77","1:46:19.216"
"529","Belgian","30 Aug 1992",1992,"Michael Schumacher","Benetton Ford","44","1:36:10.721"
"530","Italian","13 Sep 1992",1992,"Ayrton Senna","McLaren Honda","53","1:18:15.349"
"531","Portuguese","27 Sep 1992",1992,"Nigel Mansell","Williams Renault","71","1:34:46.659"
"532","Japanese","25 Oct 1992",1992,"Riccardo Patrese","Williams Renault","53","1:33:09.553"
"533","Australian","08 Nov 1992",1992,"Gerhard Berger","McLaren Honda","82","1:46:54.786"
"534","South African","14 Mar 1993",1993,"Alain Prost","Williams Renault","72","1:38:45.082"
"535","Brazilian","28 Mar 1993",1993,"Ayrton Senna","McLaren Ford","71","1:51:15.485"
"536","European","11 Apr 1993",1993,"Ayrton Senna","McLaren Ford","76","1:50:46.570"
"537","San Marino","25 Apr 1993",1993,"Alain Prost","Williams Renault","61","1:33:20.413"
"538","Spanish","09 May 1993",1993,"Alain Prost","Williams Renault","65","1:32:27.685"
"539","Monaco","23 May 1993",1993,"Ayrton Senna","McLaren Ford","78","1:52:10.947"
"540","Canadian","13 Jun 1993",1993,"Alain Prost","Williams Renault","69","1:36:41.822"
"541","French","04 Jul 1993",1993,"Alain Prost","Williams Renault","72","1:38:35.241"
"542","British","11 Jul 1993",1993,"Alain Prost","Williams Renault","59","1:25:38.189"
"543","German","25 Jul 1993",1993,"Alain Prost","Williams Renault","45","1:18:40.885"
"544","Hungarian","15 Aug 1993",1993,"Damon Hill","Williams Renault","77","1:47:39.098"
"545","Belgian","29 Aug 1993",1993,"Damon Hill","Williams Renault","44","1:24:32.124"
"546","Italian","12 Sep 1993",1993,"Damon Hill","Williams Renault","53","1:17:07.509"
"547","Portuguese","26 Sep 1993",1993,"Michael Schumacher","Benetton Ford","71","1:32:46.309"
"548","Japanese","24 Oct 1993",1993,"Ayrton Senna","McLaren Ford","53","1:40:27.912"
"549","Australian","07 Nov 1993",1993,"Ayrton Senna","McLaren Ford","79","1:43:27.476"
"550","Brazilian","27 Mar 1994",1994,"Michael Schumacher","Benetton Ford","71","1:35:38.759"
"551","Pacific","17 Apr 1994",1994,"Michael Schumacher","Benetton Ford","83","1:46:01.693"
"552","San Marino","01 May 1994",1994,"Michael Schumacher","Benetton Ford","58","1:28:28.642"
"553","Monaco","15 May 1994",1994,"Michael Schumacher","Benetton Ford","78","1:49:55.372"
"554","Spanish","29 May 1994",1994,"Damon Hill","Williams Renault","65","1:36:14.374"
"555","Canadian","12 Jun 1994",1994,"Michael Schumacher","Benetton Ford","69","1:44:31.887"
"556","French","03 Jul 1994",1994,"Michael Schumacher","Benetton Ford","72","1:38:35.704"
"557","British","10 Jul 1994",1994,"Damon Hill","Williams Renault","60","1:30:03.640"
"558","German","31 Jul 1994",1994,"Gerhard Berger","Ferrari","45","1:22:37.272"
"559","Hungarian","14 Aug 1994",1994,"Michael Schumacher","Benetton Ford","77","1:48:00.185"
"560","Belgian","28 Aug 1994",1994,"Damon Hill","Williams Renault","44","1:28:47.170"
"561","Italian","11 Sep 1994",1994,"Damon Hill","Williams Renault","53","1:18:02.754"
"562","Portuguese","25 Sep 1994",1994,"Damon Hill","Williams Renault","71","1:41:10.165"
"563","European","16 Oct 1994",1994,"Michael Schumacher","Benetton Ford","69","1:40:26.689"
"564","Japanese","06 Nov 1994",1994,"Damon Hill","Williams Renault","50","1:55:53.532"
"565","Australian","13 Nov 1994",1994,"Nigel Mansell","Williams Renault","81","1:47:51.480"
"566","Brazilian","26 Mar 1995",1995,"Michael Schumacher","Benetton Renault","71","1:38:34.154"
"567","Argentine","09 Apr 1995",1995,"Damon Hill","Williams Renault","71","1:51:39.531"
"568","San Marino","30 Apr 1995",1995,"Damon Hill","Williams Renault","63","1:41:42.552"
"569","Spanish","14 May 1995",1995,"Michael Schumacher","Benetton Renault","65","1:34:20.507"
"570","Monaco","28 May 1995",1995,"Michael Schumacher","Benetton Renault","78","1:53:11.258"
"571","Canadian","11 Jun 1995",1995,"Jean Alesi","Ferrari","69","1:46:31.333"
"572","French","02 Jul 1995",1995,"Michael Schumacher","Benetton Renault","72","1:38:28.429"
"573","British","16 Jul 1995",1995,"Johnny Herbert","Benetton Renault","61","1:34:35.093"
"574","German","30 Jul 1995",1995,"Michael Schumacher","Benetton Renault","45","1:22:56.043"
"575","Hungarian","13 Aug 1995",1995,"Damon Hill","Williams Renault","77","1:46:25.721"
"576","Belgian","27 Aug 1995",1995,"Michael Schumacher","Benetton Renault","44","1:36:47.875"
"577","Italian","10 Sep 1995",1995,"Johnny Herbert","Benetton Renault","53","1:18:27.916"
"578","Portuguese","24 Sep 1995",1995,"David Coulthard","Williams Renault","71","1:41:52.145"
"579","European","01 Oct 1995",1995,"Michael Schumacher","Benetton Renault","67","1:39:59.044"
"580","Pacific","22 Oct 1995",1995,"Michael Schumacher","Benetton Renault","83","1:48:49.972"
"581","Japanese","29 Oct 1995",1995,"Michael Schumacher","Benetton Renault","53","1:36:52.930"
"582","Australian","12 Nov 1995",1995,"Damon Hill","Williams Renault","81","1:49:15.946"
"583","Australian","10 Mar 1996",1996,"Damon Hill","Williams Renault","58","1:32:50.491"
"584","Brazilian","31 Mar 1996",1996,"Damon Hill","Williams Renault","71","1:49:52.976"
"585","Argentine","07 Apr 1996",1996,"Damon Hill","Williams Renault","72","1:54:55.322"
"586","European","28 Apr 1996",1996,"Jacques Villeneuve","Williams Renault","67","1:33:26.473"
"587","San Marino","05 May 1996",1996,"Damon Hill","Williams Renault","63","1:35:26.156"
"588","Monaco","19 May 1996",1996,"Olivier Panis","Ligier Mugen Honda","75","2:00:45.629"
"589","Spanish","02 Jun 1996",1996,"Michael Schumacher","Ferrari","65","1:59:49.307"
"590","Canadian","16 Jun 1996",1996,"Damon Hill","Williams Renault","69","1:36:03.465"
"591","French","30 Jun 1996",1996,"Damon Hill","Williams Renault","72","1:36:28.795"
"592","British","14 Jul 1996",1996,"Jacques Villeneuve","Williams Renault","61","1:33:00.874"
"593","German","28 Jul 1996",1996,"Damon Hill","Williams Renault","45","1:21:43.417"
"594","Hungarian","11 Aug 1996",1996,"Jacques Villeneuve","Williams Renault","77","1:46:21.134"
"595","Belgian","25 Aug 1996",1996,"Michael Schumacher","Ferrari","44","1:28:15.125"
"596","Italian","08 Sep 1996",1996,"Michael Schumacher","Ferrari","53","1:17:43.632"
"597","Portuguese","22 Sep 1996",1996,"Jacques Villeneuve","Williams Renault","70","1:40:22.915"
"598","Japanese","13 Oct 1996",1996,"Damon Hill","Williams Renault","52","1:32:33.791"
"599","Australian","09 Mar 1997",1997,"David Coulthard","McLaren Mercedes","58","1:30:28.718"
"600","Brazilian","30 Mar 1997",1997,"Jacques Villeneuve","Williams Renault","72","1:36:06.990"
"601","Argentine","13 Apr 1997",1997,"Jacques Villeneuve","Williams Renault","72","1:52:01.715"
"602","San Marino","27 Apr 1997",1997,"Heinz-Harald Frentzen","Williams Renault","62","1:31:00.673"
"603","Monaco","11 May 1997",1997,"Michael Schumacher","Ferrari","62","2:00:05.654"
"604","Spanish","25 May 1997",1997,"Jacques Villeneuve","Williams Renault","64","1:30:35.896"
"605","Canadian","15 Jun 1997",1997,"Michael Schumacher","Ferrari","54","1:17:40.646"
"606","French","29 Jun 1997",1997,"Michael Schumacher","Ferrari","72","1:38:50.492"
"607","British","13 Jul 1997",1997,"Jacques Villeneuve","Williams Renault","59","1:28:01.665"
"608","German","27 Jul 1997",1997,"Gerhard Berger","Benetton Renault","45","1:20:59.046"
"609","Hungarian","10 Aug 1997",1997,"Jacques Villeneuve","Williams Renault","77","1:45:47.149"
"610","Belgian","24 Aug 1997",1997,"Michael Schumacher","Ferrari","44","1:33:46.717"
"611","Italian","07 Sep 1997",1997,"David Coulthard","McLaren Mercedes","53","1:17:04.609"
"612","Austrian","21 Sep 1997",1997,"Jacques Villeneuve","Williams Renault","71","1:27:35.999"
"613","Luxembourg","28 Sep 1997",1997,"Jacques Villeneuve","Williams Renault","67","1:31:27.843"
"614","Japanese","12 Oct 1997",1997,"Michael Schumacher","Ferrari","53","1:29:48.446"
"615","European","26 Oct 1997",1997,"Mika Hakkinen","McLaren Mercedes","69","1:38:57.771"
"616","Australian","08 Mar 1998",1998,"Mika Hakkinen","McLaren Mercedes","58","1:31:45.996"
"617","Brazilian","29 Mar 1998",1998,"Mika Hakkinen","McLaren Mercedes","72","1:37:11.747"
"618","Argentine","12 Apr 1998",1998,"Michael Schumacher","Ferrari","72","1:48:36.175"
"619","San Marino","26 Apr 1998",1998,"David Coulthard","McLaren Mercedes","62","1:34:24.593"
"620","Spanish","10 May 1998",1998,"Mika Hakkinen","McLaren Mercedes","65","1:33:37.621"
"621","Monaco","24 May 1998",1998,"Mika Hakkinen","McLaren Mercedes","78","1:51:23.595"
"622","Canadian","07 Jun 1998",1998,"Michael Schumacher","Ferrari","69","1:40:57.355"
"623","French","28 Jun 1998",1998,"Michael Schumacher","Ferrari","71","1:34:45.026"
"624","British","12 Jul 1998",1998,"Michael Schumacher","Ferrari","60","1:47:02.450"
"625","Austrian","26 Jul 1998",1998,"Mika Hakkinen","McLaren Mercedes","71","1:30:44.086"
"626","German","02 Aug 1998",1998,"Mika Hakkinen","McLaren Mercedes","45","1:20:47.984"
"627","Hungarian","16 Aug 1998",1998,"Michael Schumacher","Ferrari","77","1:45:25.550"
"628","Belgian","30 Aug 1998",1998,"Damon Hill","Jordan Mugen Honda","44","1:43:47.407"
"629","Italian","13 Sep 1998",1998,"Michael Schumacher","Ferrari","53","1:17:09.672"
"630","Luxembourg","27 Sep 1998",1998,"Mika Hakkinen","McLaren Mercedes","67","1:32:14.789"
"631","Japanese","01 Nov 1998",1998,"Mika Hakkinen","McLaren Mercedes","51","1:27:22.535"
"632","Australian","07 Mar 1999",1999,"Eddie Irvine","Ferrari","57","1:35:01.659"
"633","Brazilian","11 Apr 1999",1999,"Mika Hakkinen","McLaren Mercedes","72","1:36:03.785"
"634","San Marino","02 May 1999",1999,"Michael Schumacher","Ferrari","62","1:33:44.792"
"635","Monaco","16 May 1999",1999,"Michael Schumacher","Ferrari","78","1:49:31.812"
"636","Spanish","30 May 1999",1999,"Mika Hakkinen","McLaren Mercedes","65","1:34:13.665"
"637","Canadian","13 Jun 1999",1999,"Mika Hakkinen","McLaren Mercedes","69","1:41:35.727"
"638","French","27 Jun 1999",1999,"Heinz-Harald Frentzen","Jordan Mugen Honda","72","1:58:24.343"
"639","British","11 Jul 1999",1999,"David Coulthard","McLaren Mercedes","60","1:32:30.144"
"640","Austrian","25 Jul 1999",1999,"Eddie Irvine","Ferrari","71","1:28:12.438"
"641","German","01 Aug 1999",1999,"Eddie Irvine","Ferrari","45","1:21:58.594"
"642","Hungarian","15 Aug 1999",1999,"Mika Hakkinen","McLaren Mercedes","77","1:46:23.536"
"643","Belgian","29 Aug 1999",1999,"David Coulthard","McLaren Mercedes","44","1:25:43.057"
"644","Italian","12 Sep 1999",1999,"Heinz-Harald Frentzen","Jordan Mugen Honda","53","1:17:02.923"
"645","European","26 Sep 1999",1999,"Johnny Herbert","Stewart Ford","66","1:41:54.314"
"646","Malaysian","17 Oct 1999",1999,"Eddie Irvine","Ferrari","56","1:36:38.494"
"647","Japanese","31 Oct 1999",1999,"Mika Hakkinen","McLaren Mercedes","53","1:31:18.785"
"648","Australian","12 Mar 2000",2000,"Michael Schumacher","Ferrari","58","1:34:01.987"
"649","Brazilian","26 Mar 2000",2000,"Michael Schumacher","Ferrari","71","1:31:35.271"
"650","San Marino","09 Apr 2000",2000,"Michael Schumacher","Ferrari","62","1:31:39.776"
"651","British","23 Apr 2000",2000,"David Coulthard","McLaren Mercedes","60","1:28:50.108"
"652","Spanish","07 May 2000",2000,"Mika Hakkinen","McLaren Mercedes","65","1:33:55.390"
"653","European","21 May 2000",2000,"Michael Schumacher","Ferrari","67","1:42:00.307"
"654","Monaco","04 Jun 2000",2000,"David Coulthard","McLaren Mercedes","78","1:49:28.213"
"655","Canadian","18 Jun 2000",2000,"Michael Schumacher","Ferrari","69","1:41:12.313"
"656","French","02 Jul 2000",2000,"David Coulthard","McLaren Mercedes","72","1:38:05.538"
"657","Austrian","16 Jul 2000",2000,"Mika Hakkinen","McLaren Mercedes","71","1:28:15.818"
"658","German","30 Jul 2000",2000,"Rubens Barrichello","Ferrari","45","1:25:34.418"
"659","Hungarian","13 Aug 2000",2000,"Mika Hakkinen","McLaren Mercedes","77","1:45:33.869"
"660","Belgian","27 Aug 2000",2000,"Mika Hakkinen","McLaren Mercedes","44","1:28:14.494"
"661","Italian","10 Sep 2000",2000,"Michael Schumacher","Ferrari","53","1:27:31.638"
"662","United States","24 Sep 2000",2000,"Michael Schumacher","Ferrari","73","1:36:30.883"
"663","Japanese","08 Oct 2000",2000,"Michael Schumacher","Ferrari","53","1:29:53.435"
"664","Malaysian","22 Oct 2000",2000,"Michael Schumacher","Ferrari","56","1:35:54.235"
"665","Australian","04 Mar 2001",2001,"Michael Schumacher","Ferrari","58","1:38:26.533"
"666","Malaysian","18 Mar 2001",2001,"Michael Schumacher","Ferrari","55","1:47:34.801"
"667","Brazilian","01 Apr 2001",2001,"David Coulthard","McLaren Mercedes","71","1:39:00.834"
"668","San Marino","15 Apr 2001",2001,"Ralf Schumacher","Williams BMW","62","1:30:44.817"
"669","Spanish","29 Apr 2001",2001,"Michael Schumacher","Ferrari","65","1:31:03.305"
"670","Austrian","13 May 2001",2001,"David Coulthard","McLaren Mercedes","71","1:27:45.927"
"671","Monaco","27 May 2001",2001,"Michael Schumacher","Ferrari","78","1:47:22.561"
"672","Canadian","10 Jun 2001",2001,"Ralf Schumacher","Williams BMW","69","1:34:31.522"
"673","European","24 Jun 2001",2001,"Michael Schumacher","Ferrari","67","1:29:42.724"
"674","French","01 Jul 2001",2001,"Michael Schumacher","Ferrari","72","1:33:35.636"
"675","British","15 Jul 2001",2001,"Mika Hakkinen","McLaren Mercedes","60","1:25:33.770"
"676","German","29 Jul 2001",2001,"Ralf Schumacher","Williams BMW","45","1:18:17.873"
"677","Hungarian","19 Aug 2001",2001,"Michael Schumacher","Ferrari","77","1:41:49.675"
"678","Belgian","02 Sep 2001",2001,"Michael Schumacher","Ferrari","36","1:08:05.002"
"679","Italian","16 Sep 2001",2001,"Juan Pablo Montoya","Williams BMW","53","1:16:58.493"
"680","United States","30 Sep 2001",2001,"Mika Hakkinen","McLaren Mercedes","73","1:32:42.840"
"681","Japanese","14 Oct 2001",2001,"Michael Schumacher","Ferrari","53","1:27:33.298"
"682","Australian","03 Mar 2002",2002,"Michael Schumacher","Ferrari","58","1:35:36.792"
"683","Malaysian","17 Mar 2002",2002,"Ralf Schumacher","Williams BMW","56","1:34:12.912"
"684","Brazilian","31 Mar 2002",2002,"Michael Schumacher","Ferrari","71","1:31:43.663"
"685","San Marino","14 Apr 2002",2002,"Michael Schumacher","Ferrari","62","1:29:10.789"
"686","Spanish","28 Apr 2002",2002,"Michael Schumacher","Ferrari","65","1:30:29.981"
"687","Austrian","12 May 2002",2002,"Michael Schumacher","Ferrari","71","1:33:51.562"
"688","Monaco","26 May 2002",2002,"David Coulthard","McLaren Mercedes","78","1:45:39.055"
"689","Canadian","09 Jun 2002",2002,"Michael Schumacher","Ferrari","70","1:33:36.111"
"690","European","23 Jun 2002",2002,"Rubens Barrichello","Ferrari","60","1:35:07.426"
"691","British","07 Jul 2002",2002,"Michael Schumacher","Ferrari","60","1:31:45.015"
"692","French","21 Jul 2002",2002,"Michael Schumacher","Ferrari","72","1:32:09.837"
"693","German","28 Jul 2002",2002,"Michael Schumacher","Ferrari","67","1:27:52.078"
"694","Hungarian","18 Aug 2002",2002,"Rubens Barrichello","Ferrari","77","1:41:49.001"
"695","Belgian","01 Sep 2002",2002,"Michael Schumacher","Ferrari","44","1:21:20.634"
"696","Italian","15 Sep 2002",2002,"Rubens Barrichello","Ferrari","53","1:16:19.982"
"697","United States","29 Sep 2002",2002,"Rubens Barrichello","Ferrari","73","1:31:07.934"
"698","Japanese","13 Oct 2002",2002,"Michael Schumacher","Ferrari","53","1:26:59.698"
"699","Australian","09 Mar 2003",2003,"David Coulthard","McLaren Mercedes","58","1:34:42.124"
"700","Malaysian","23 Mar 2003",2003,"Kimi Rikknen","McLaren Mercedes","56","1:32:22.195"
"701","Brazilian","06 Apr 2003",2003,"Giancarlo Fisichella","Jordan Ford","54","1:31:17.748"
"702","San Marino","20 Apr 2003",2003,"Michael Schumacher","Ferrari","62","1:28:12.058"
"703","Spanish","04 May 2003",2003,"Michael Schumacher","Ferrari","65","1:33:46.933"
"704","Austrian","18 May 2003",2003,"Michael Schumacher","Ferrari","69","1:24:04.888"
"705","Monaco","01 Jun 2003",2003,"Juan Pablo Montoya","Williams BMW","78","1:42:19.010"
"706","Canadian","15 Jun 2003",2003,"Michael Schumacher","Ferrari","70","1:31:13.591"
"707","European","29 Jun 2003",2003,"Ralf Schumacher","Williams BMW","60","1:34:43.622"
"708","French","06 Jul 2003",2003,"Ralf Schumacher","Williams BMW","70","1:30:49.213"
"709","British","20 Jul 2003",2003,"Rubens Barrichello","Ferrari","60","1:28:37.554"
"710","German","03 Aug 2003",2003,"Juan Pablo Montoya","Williams BMW","67","1:28:48.769"
"711","Hungarian","24 Aug 2003",2003,"Fernando Alonso","Renault","70","1:39:01.460"
"712","Italian","14 Sep 2003",2003,"Michael Schumacher","Ferrari","53","1:14:19.838"
"713","United States","28 Sep 2003",2003,"Michael Schumacher","Ferrari","73","1:33:35.997"
"714","Japanese","12 Oct 2003",2003,"Rubens Barrichello","Ferrari","53","1:25:11.743"
"715","Australian","07 Mar 2004",2004,"Michael Schumacher","Ferrari","58","1:24:15.757"
"716","Malaysian","21 Mar 2004",2004,"Michael Schumacher","Ferrari","56","1:31:07.490"
"717","Bahrain","04 Apr 2004",2004,"Michael Schumacher","Ferrari","57","1:28:34.875"
"718","San Marino","25 Apr 2004",2004,"Michael Schumacher","Ferrari","62","1:26:19.670"
"719","Spanish","09 May 2004",2004,"Michael Schumacher","Ferrari","66","1:27:32.841"
"720","Monaco","23 May 2004",2004,"Jarno Trulli","Renault","77","1:45:46.601"
"721","European","30 May 2004",2004,"Michael Schumacher","Ferrari","60","1:32:35.101"
"722","Canadian","13 Jun 2004",2004,"Michael Schumacher","Ferrari","70","1:28:24.803"
"723","United States","20 Jun 2004",2004,"Michael Schumacher","Ferrari","73","1:40:29.914"
"724","French","04 Jul 2004",2004,"Michael Schumacher","Ferrari","70","1:30:18.133"
"725","British","11 Jul 2004",2004,"Michael Schumacher","Ferrari","60","1:24:42.700"
"726","German","25 Jul 2004",2004,"Michael Schumacher","Ferrari","66","1:23:54.848"
"727","Hungarian","15 Aug 2004",2004,"Michael Schumacher","Ferrari","70","1:35:26.131"
"728","Belgian","29 Aug 2004",2004,"Kimi Rikknen","McLaren Mercedes","44","1:32:35.274"
"729","Italian","12 Sep 2004",2004,"Rubens Barrichello","Ferrari","53","1:15:18.448"
"730","Chinese","26 Sep 2004",2004,"Rubens Barrichello","Ferrari","56","1:29:12.420"
"731","Japanese","10 Oct 2004",2004,"Michael Schumacher","Ferrari","53","1:24:26.985"
"732","Brazilian","24 Oct 2004",2004,"Juan Pablo Montoya","Williams BMW","71","1:28:01.451"
"733","Australian","06 Mar 2005",2005,"Giancarlo Fisichella","Renault","57","1:24:17.336"
"734","Malaysian","20 Mar 2005",2005,"Fernando Alonso","Renault","56","1:31:33.736"
"735","Bahrain","03 Apr 2005",2005,"Fernando Alonso","Renault","57","1:29:18.531"
"736","San Marino","24 Apr 2005",2005,"Fernando Alonso","Renault","62","1:27:41.921"
"737","Spanish","08 May 2005",2005,"Kimi Rikknen","McLaren Mercedes","66","1:27:16.830"
"738","Monaco","22 May 2005",2005,"Kimi Rikknen","McLaren Mercedes","78","1:45:15.556"
"739","European","29 May 2005",2005,"Fernando Alonso","Renault","59","1:31:46.648"
"740","Canadian","12 Jun 2005",2005,"Kimi Rikknen","McLaren Mercedes","70","1:32:09.290"
"741","United States","19 Jun 2005",2005,"Michael Schumacher","Ferrari","73","1:29:43.181"
"742","French","03 Jul 2005",2005,"Fernando Alonso","Renault","70","1:31:22.233"
"743","British","10 Jul 2005",2005,"Juan Pablo Montoya","McLaren Mercedes","60","1:24:29.588"
"744","German","24 Jul 2005",2005,"Fernando Alonso","Renault","67","1:26:28.599"
"745","Hungarian","31 Jul 2005",2005,"Kimi Rikknen","McLaren Mercedes","70","1:37:25.552"
"746","Turkish","21 Aug 2005",2005,"Kimi Rikknen","McLaren Mercedes","58","1:24:34.454"
"747","Italian","04 Sep 2005",2005,"Juan Pablo Montoya","McLaren Mercedes","53","1:14:28.659"
"748","Belgian","11 Sep 2005",2005,"Kimi Rikknen","McLaren Mercedes","44","1:30:01.295"
"749","Brazilian","25 Sep 2005",2005,"Juan Pablo Montoya","McLaren Mercedes","71","1:29:20.574"
"750","Japanese","09 Oct 2005",2005,"Kimi Rikknen","McLaren Mercedes","53","1:29:02.212"
"751","Chinese","16 Oct 2005",2005,"Fernando Alonso","Renault","56","1:39:53.618"
"752","Bahrain","12 Mar 2006",2006,"Fernando Alonso","Renault","57","1:29:46.205"
"753","Malaysian","19 Mar 2006",2006,"Giancarlo Fisichella","Renault","56","1:30:40.529"
"754","Australian","02 Apr 2006",2006,"Fernando Alonso","Renault","57","1:34:27.870"
"755","San Marino","23 Apr 2006",2006,"Michael Schumacher","Ferrari","62","1:31:06.486"
"756","European","07 May 2006",2006,"Michael Schumacher","Ferrari","60","1:35:58.765"
"757","Spanish","14 May 2006",2006,"Fernando Alonso","Renault","66","1:26:21.759"
"758","Monaco","28 May 2006",2006,"Fernando Alonso","Renault","78","1:43:43.116"
"759","British","11 Jun 2006",2006,"Fernando Alonso","Renault","60","1:25:51.927"
"760","Canadian","25 Jun 2006",2006,"Fernando Alonso","Renault","70","1:34:37.308"
"761","United States","02 Jul 2006",2006,"Michael Schumacher","Ferrari","73","1:34:35.199"
"762","French","16 Jul 2006",2006,"Michael Schumacher","Ferrari","70","1:32:07.803"
"763","German","30 Jul 2006",2006,"Michael Schumacher","Ferrari","67","1:27:51.693"
"764","Hungarian","06 Aug 2006",2006,"Jenson Button","Honda","70","1:52:20.941"
"765","Turkish","27 Aug 2006",2006,"Felipe Massa","Ferrari","58","1:28:51.082"
"766","Italian","10 Sep 2006",2006,"Michael Schumacher","Ferrari","53","1:14:51.975"
"767","Chinese","01 Oct 2006",2006,"Michael Schumacher","Ferrari","56","1:37:32.747"
"768","Japanese","08 Oct 2006",2006,"Fernando Alonso","Renault","53","1:23:53.413"
"769","Brazilian","22 Oct 2006",2006,"Felipe Massa","Ferrari","71","1:31:53.751"
"770","Australian","18 Mar 2007",2007,"Kimi Rikknen","Ferrari","58","1:25:28.770"
"771","Malaysian","08 Apr 2007",2007,"Fernando Alonso","McLaren Mercedes","56","1:32:14.930"
"772","Bahrain","15 Apr 2007",2007,"Felipe Massa","Ferrari","57","1:33:27.515"
"773","Spanish","13 May 2007",2007,"Felipe Massa","Ferrari","65","1:31:36.230"
"774","Monaco","27 May 2007",2007,"Fernando Alonso","McLaren Mercedes","78","1:40:29.329"
"775","Canadian","10 Jun 2007",2007,"Lewis Hamilton","McLaren Mercedes","70","1:44:11.292"
"776","United States","17 Jun 2007",2007,"Lewis Hamilton","McLaren Mercedes","73","1:31:09.965"
"777","French","01 Jul 2007",2007,"Kimi Rikknen","Ferrari","70","1:30:54.200"
"778","British","08 Jul 2007",2007,"Kimi Rikknen","Ferrari","59","1:21:43.074"
"779","European","22 Jul 2007",2007,"Fernando Alonso","McLaren Mercedes","60","2:06:26.358"
"780","Hungarian","05 Aug 2007",2007,"Lewis Hamilton","McLaren Mercedes","70","1:35:52.991"
"781","Turkish","26 Aug 2007",2007,"Felipe Massa","Ferrari","58","1:26:42.161"
"782","Italian","09 Sep 2007",2007,"Fernando Alonso","McLaren Mercedes","53","1:18:37.806"
"783","Belgian","16 Sep 2007",2007,"Kimi Rikknen","Ferrari","44","1:20:39.066"
"784","Japanese","30 Sep 2007",2007,"Lewis Hamilton","McLaren Mercedes","67","2:00:34.579"
"785","Chinese","07 Oct 2007",2007,"Kimi Rikknen","Ferrari","56","1:37:58.395"
"786","Brazilian","21 Oct 2007",2007,"Kimi Rikknen","Ferrari","71","1:28:15.270"
"787","Australian","16 Mar 2008",2008,"Lewis Hamilton","McLaren Mercedes","58","1:34:50.616"
"788","Malaysian","23 Mar 2008",2008,"Kimi Rikknen","Ferrari","56","1:31:18.555"
"789","Bahrain","06 Apr 2008",2008,"Felipe Massa","Ferrari","57","1:31:06.970"
"790","Spanish","27 Apr 2008",2008,"Kimi Rikknen","Ferrari","66","1:38:19.051"
"791","Turkish","11 May 2008",2008,"Felipe Massa","Ferrari","58","1:26:49.451"
"792","Monaco","25 May 2008",2008,"Lewis Hamilton","McLaren Mercedes","76","2:00:42.742"
"793","Canadian","08 Jun 2008",2008,"Robert Kubica","Sauber BMW","70","1:36:24.447"
"794","French","22 Jun 2008",2008,"Felipe Massa","Ferrari","70","1:31:50.245"
"795","British","06 Jul 2008",2008,"Lewis Hamilton","McLaren Mercedes","60","1:39:09.440"
"796","German","20 Jul 2008",2008,"Lewis Hamilton","McLaren Mercedes","67","1:31:20.874"
"797","Hungarian","03 Aug 2008",2008,"Heikki Kovalainen","McLaren Mercedes","70","1:37:27.067"
"798","European","24 Aug 2008",2008,"Felipe Massa","Ferrari","57","1:35:32.339"
"799","Belgian","07 Sep 2008",2008,"Felipe Massa","Ferrari","44","1:22:59.394"
"800","Italian","14 Sep 2008",2008,"Sebastian Vettel","STR Ferrari","53","1:26:47.494"
"801","Singapore","28 Sep 2008",2008,"Fernando Alonso","Renault","61","1:57:16.304"
"802","Japanese","12 Oct 2008",2008,"Fernando Alonso","Renault","67","1:30:21.892"
"803","Chinese","19 Oct 2008",2008,"Lewis Hamilton","McLaren Mercedes","56","1:31:57.403"
"804","Brazilian","02 Nov 2008",2008,"Felipe Massa","Ferrari","71","1:34:11.435"
"805","Australian","29 Mar 2009",2009,"Jenson Button","Brawn Mercedes","58","1:34:15.784"
"806","Malaysian","05 Apr 2009",2009,"Jenson Button","Brawn Mercedes","31","55:30.622"
"807","Chinese","19 Apr 2009",2009,"Sebastian Vettel","RBR Renault","56","1:57:43.485"
"808","Bahrain","26 Apr 2009",2009,"Jenson Button","Brawn Mercedes","57","1:31:48.182"
"809","Spanish","10 May 2009",2009,"Jenson Button","Brawn Mercedes","66","1:37:19.202"
"810","Monaco","24 May 2009",2009,"Jenson Button","Brawn Mercedes","78","1:40:44.282"
"811","Turkish","07 Jun 2009",2009,"Jenson Button","Brawn Mercedes","58","1:26:24.848"
"812","British","21 Jun 2009",2009,"Sebastian Vettel","RBR Renault","60","1:22:49.328"
"813","German","12 Jul 2009",2009,"Mark Webber","RBR Renault","60","1:36:43.310"
"814","Hungarian","26 Jul 2009",2009,"Lewis Hamilton","McLaren Mercedes","70","1:38:23.876"
"815","European","23 Aug 2009",2009,"Rubens Barrichello","Brawn Mercedes","57","1:35:51.289"
"816","Belgian","30 Aug 2009",2009,"Kimi Rikknen","Ferrari","44","1:23:50.995"
"817","Italian","13 Sep 2009",2009,"Rubens Barrichello","Brawn Mercedes","53","1:16:21.706"
"818","Singapore","27 Sep 2009",2009,"Lewis Hamilton","McLaren Mercedes","61","1:56:06.337"
"819","Japanese","04 Oct 2009",2009,"Sebastian Vettel","RBR Renault","53","1:28:20.443"
"820","Brazilian","18 Oct 2009",2009,"Mark Webber","RBR Renault","71","1:32:23.081"
"821","Abu Dhabi","01 Nov 2009",2009,"Sebastian Vettel","RBR Renault","55","1:34:03.414"
"822","Bahrain","14 Mar 2010",2010,"Fernando Alonso","Ferrari","49","1:39:20.396"
"823","Australian","28 Mar 2010",2010,"Jenson Button","McLaren Mercedes","58","1:33:36.531"
"824","Malaysian","04 Apr 2010",2010,"Sebastian Vettel","RBR Renault","56","1:33:48.412"
"825","Chinese","18 Apr 2010",2010,"Jenson Button","McLaren Mercedes","56","1:46:42.163"
"826","Spanish","09 May 2010",2010,"Mark Webber","RBR Renault","66","1:35:44.101"
"827","Monaco","16 May 2010",2010,"Mark Webber","RBR Renault","78","1:50:13.355"
"828","Turkish","30 May 2010",2010,"Lewis Hamilton","McLaren Mercedes","58","1:28:47.620"
"829","Canadian","13 Jun 2010",2010,"Lewis Hamilton","McLaren Mercedes","70","1:33:53.456"
"830","European","27 Jun 2010",2010,"Sebastian Vettel","RBR Renault","57","1:40:29.571"
"831","British","11 Jul 2010",2010,"Mark Webber","RBR Renault","52","1:24:38.200"
"832","German","25 Jul 2010",2010,"Fernando Alonso","Ferrari","67","1:27:38.864"
"833","Hungarian","01 Aug 2010",2010,"Mark Webber","RBR Renault","70","1:41:05.571"
"834","Belgian","29 Aug 2010",2010,"Lewis Hamilton","McLaren Mercedes","44","1:29:04.268"
"835","Italian","12 Sep 2010",2010,"Fernando Alonso","Ferrari","53","1:16:24.572"
"836","Singapore","26 Sep 2010",2010,"Fernando Alonso","Ferrari","61","1:57:53.579"
"837","Japanese","10 Oct 2010",2010,"Sebastian Vettel","RBR Renault","53","1:30:27.323"
"838","Korean","24 Oct 2010",2010,"Fernando Alonso","Ferrari","55","2:48:20.810"
"839","Brazilian","07 Nov 2010",2010,"Sebastian Vettel","RBR Renault","71","1:33:11.803"
"840","Abu Dhabi","14 Nov 2010",2010,"Sebastian Vettel","RBR Renault","55","1:39:36.837"
"841","Australian","27 Mar 2011",2011,"Sebastian Vettel","Red Bull Racing Renault","58","1:29:30.259"
"842","Malaysian","10 Apr 2011",2011,"Sebastian Vettel","Red Bull Racing Renault","56","1:37:39.832"
"843","Chinese","17 Apr 2011",2011,"Lewis Hamilton","McLaren Mercedes","56","1:36:58.226"
"844","Turkish","08 May 2011",2011,"Sebastian Vettel","Red Bull Racing Renault","58","1:30:17.558"
"845","Spanish","22 May 2011",2011,"Sebastian Vettel","Red Bull Racing Renault","66","1:39:03.301"
"846","Monaco","29 May 2011",2011,"Sebastian Vettel","Red Bull Racing Renault","78","2:09:38.373"
"847","Canadian","12 Jun 2011",2011,"Jenson Button","McLaren Mercedes","70","4:04:39.537"
"848","European","26 Jun 2011",2011,"Sebastian Vettel","Red Bull Racing Renault","57","1:39:36.169"
"849","British","10 Jul 2011",2011,"Fernando Alonso","Ferrari","52","1:28:41.196"
"850","German","24 Jul 2011",2011,"Lewis Hamilton","McLaren Mercedes","60","1:37:30.334"
"851","Hungarian","31 Jul 2011",2011,"Jenson Button","McLaren Mercedes","70","1:46:42.337"
"852","Belgian","28 Aug 2011",2011,"Sebastian Vettel","Red Bull Racing Renault","44","1:26:44.893"
"853","Italian","11 Sep 2011",2011,"Sebastian Vettel","Red Bull Racing Renault","53","1:20:46.172"
"854","Singapore","25 Sep 2011",2011,"Sebastian Vettel","Red Bull Racing Renault","61","1:59:06.757"
"855","Japanese","09 Oct 2011",2011,"Jenson Button","McLaren Mercedes","53","1:30:53.427"
"856","Korean","16 Oct 2011",2011,"Sebastian Vettel","Red Bull Racing Renault","55","1:38:01.994"
"857","Indian","30 Oct 2011",2011,"Sebastian Vettel","Red Bull Racing Renault","60","1:30:35.002"
"858","Abu Dhabi","13 Nov 2011",2011,"Lewis Hamilton","McLaren Mercedes","55","1:37:11.886"
"859","Brazilian","27 Nov 2011",2011,"Mark Webber","Red Bull Racing Renault","71","1:32:17.464"
"860","Australian","18 Mar 2012",2012,"Jenson Button","McLaren Mercedes","58","1:34:09.565"
"861","Malaysian","25 Mar 2012",2012,"Fernando Alonso","Ferrari","56","2:44:51.812"
"862","Chinese","15 Apr 2012",2012,"Nico Rosberg","Mercedes","56","1:36:26.929"
"863","Bahrain","22 Apr 2012",2012,"Sebastian Vettel","Red Bull Racing Renault","57","1:35:10.990"
"864","Spanish","13 May 2012",2012,"Pastor Maldonado","Williams Renault","66","1:39:09.145"
"865","Monaco","27 May 2012",2012,"Mark Webber","Red Bull Racing Renault","78","1:46:06.557"
"866","Canadian","10 Jun 2012",2012,"Lewis Hamilton","McLaren Mercedes","70","1:32:29.586"
"867","European","24 Jun 2012",2012,"Fernando Alonso","Ferrari","57","1:44:16.649"
"868","British","08 Jul 2012",2012,"Mark Webber","Red Bull Racing Renault","52","1:25:11.288"
"869","German","22 Jul 2012",2012,"Fernando Alonso","Ferrari","67","1:31:05.862"
"870","Hungarian","29 Jul 2012",2012,"Lewis Hamilton","McLaren Mercedes","69","1:41:05.503"
"871","Belgian","02 Sep 2012",2012,"Jenson Button","McLaren Mercedes","44","1:29:08.530"
"872","Italian","09 Sep 2012",2012,"Lewis Hamilton","McLaren Mercedes","53","1:19:41.221"
"873","Singapore","23 Sep 2012",2012,"Sebastian Vettel","Red Bull Racing Renault","59","2:00:26.144"
"874","Japanese","07 Oct 2012",2012,"Sebastian Vettel","Red Bull Racing Renault","53","1:28:56.242"
"875","Korean","14 Oct 2012",2012,"Sebastian Vettel","Red Bull Racing Renault","55","1:36:28.651"
"876","Indian","28 Oct 2012",2012,"Sebastian Vettel","Red Bull Racing Renault","60","1:31:10.744"
"877","Abu Dhabi","04 Nov 2012",2012,"Kimi Rikknen","Lotus Renault","55","1:45:58.667"
"878","United States","18 Nov 2012",2012,"Lewis Hamilton","McLaren Mercedes","56","1:35:55.269"
"879","Brazilian","25 Nov 2012",2012,"Jenson Button","McLaren Mercedes","71","1:45:22.656"
"880","Australian","17 Mar 2013",2013,"Kimi Rikknen","Lotus Renault","58","1:30:03.225"
"881","Malaysian","24 Mar 2013",2013,"Sebastian Vettel","Red Bull Racing Renault","56","1:38:56.681"
"882","Chinese","14 Apr 2013",2013,"Fernando Alonso","Ferrari","56","1:36:26.945"
"883","Bahrain","21 Apr 2013",2013,"Sebastian Vettel","Red Bull Racing Renault","57","1:36:00.498"
"884","Spanish","12 May 2013",2013,"Fernando Alonso","Ferrari","66","1:39:16.596"
"885","Monaco","26 May 2013",2013,"Nico Rosberg","Mercedes","78","2:17:52.056"
"886","Canadian","09 Jun 2013",2013,"Sebastian Vettel","Red Bull Racing Renault","70","1:32:09.143"
"887","British","30 Jun 2013",2013,"Nico Rosberg","Mercedes","52","1:32:59.456"
"888","German","07 Jul 2013",2013,"Sebastian Vettel","Red Bull Racing Renault","60","1:41:14.711"
"889","Hungarian","28 Jul 2013",2013,"Lewis Hamilton","Mercedes","70","1:42:29.445"
"890","Belgian","25 Aug 2013",2013,"Sebastian Vettel","Red Bull Racing Renault","44","1:23:42.196"
"891","Italian","08 Sep 2013",2013,"Sebastian Vettel","Red Bull Racing Renault","53","1:18:33.352"
"892","Singapore","22 Sep 2013",2013,"Sebastian Vettel","Red Bull Racing Renault","61","1:59:13.132"
"893","Korean","06 Oct 2013",2013,"Sebastian Vettel","Red Bull Racing Renault","55","1:43:13.701"
"894","Japanese","13 Oct 2013",2013,"Sebastian Vettel","Red Bull Racing Renault","53","1:26:49.301"
"895","Indian","27 Oct 2013",2013,"Sebastian Vettel","Red Bull Racing Renault","60","1:31:12.187"
"896","Abu Dhabi","03 Nov 2013",2013,"Sebastian Vettel","Red Bull Racing Renault","55","1:38:06.106"
"897","United States","17 Nov 2013",2013,"Sebastian Vettel","Red Bull Racing Renault","56","1:39:17.148"
"898","Brazilian","24 Nov 2013",2013,"Sebastian Vettel","Red Bull Racing Renault","71","1:32:36.300"
"899","Australian","16 Mar 2014",2014,"Nico Rosberg","Mercedes","57","1:32:58.710"
"900","Malaysian","30 Mar 2014",2014,"Lewis Hamilton","Mercedes","56","1:40:25.974"
"901","Bahrain","06 Apr 2014",2014,"Lewis Hamilton","Mercedes","57","1:39:42.743"
"902","Chinese","20 Apr 2014",2014,"Lewis Hamilton","Mercedes","54","1:33:28.338"
"903","Spanish","11 May 2014",2014,"Lewis Hamilton","Mercedes","66","1:41:05.155"
"904","Monaco","25 May 2014",2014,"Nico Rosberg","Mercedes","78","1:49:27.661"
"905","Canadian","08 Jun 2014",2014,"Daniel Ricciardo","Red Bull Racing Renault","70","1:39:12.830"
"906","Austrian","22 Jun 2014",2014,"Nico Rosberg","Mercedes","71","1:27:54.976"
"907","British","06 Jul 2014",2014,"Lewis Hamilton","Mercedes","52","2:26:52.094"
"908","German","20 Jul 2014",2014,"Nico Rosberg","Mercedes","67","1:33:42.914"
"909","Hungarian","27 Jul 2014",2014,"Daniel Ricciardo","Red Bull Racing Renault","70","1:53:05.058"
"910","Belgian","24 Aug 2014",2014,"Daniel Ricciardo","Red Bull Racing Renault","44","1:24:36.556"
"911","Italian","07 Sep 2014",2014,"Lewis Hamilton","Mercedes","53","1:19:10.236"
"912","Singapore","21 Sep 2014",2014,"Lewis Hamilton","Mercedes","60","2:00:04.795"
"913","Japanese","05 Oct 2014",2014,"Lewis Hamilton","Mercedes","44","1:51:43.021"
"914","Russian","21 Oct 2014",2014,"Lewis Hamilton","Mercedes","53","1:31:50.744"
"915","United States","02 Nov 2014",2014,"Lewis Hamilton","Mercedes","56","1:40:04.785"
"916","Brazilian","09 Nov 2014",2014,"Nico Rosberg","Mercedes","71","1:30:02.555"
"917","Abu Dhabi","23 Nov 2014",2014,"Lewis Hamilton","Mercedes","55","1:39:02.619"
"918","Monaco","15 Mar 2015",2015,"Lewis Hamilton","Mercedes","58","1:31:54.067"
"919","Canadian","29 Mar 2015",2015,"Sebastian Vettel","Ferrari","56","1:41:05.793"
"920","Bahrain","12 Apr 2015",2015,"Lewis Hamilton","Mercedes","56","1:39:42.008"
"921","Spanish","19 Apr 2015",2015,"Lewis Hamilton","Mercedes","57","1:35:05.809"
"922","Chinese","10 May 2015",2015,"Nico Rosberg","Mercedes","66","1:41:12.555"
"923","Australian","24 May 2015",2015,"Nico Rosberg","Mercedes","78","1:49:18.420"
"924","Malaysian","07 Jun 2015",2015,"Lewis Hamilton","Mercedes","70","1:31:53.145"
"925","Austrian","21 Jun 2015",2015,"Nico Rosberg","Mercedes","71","1:30:16.930"
"926","British","05 Jul 2015",2015,"Lewis Hamilton","Mercedes","52","1:31:27.729"
"927","Hungarian","26 Jul 2015",2015,"Sebastian Vettel","Ferrari","69","1:46:09.985"
"928","Belgian","23 Aug 2015",2015,"Lewis Hamilton","Mercedes","43","1:23:40.387"
"929","Italian","06 Sep 2015",2015,"Lewis Hamilton","Mercedes","53","1:18:00.688"
"930","Singapore","20 Sep 2015",2015,"Sebastian Vettel","Ferrari","61","2:01:22.118"
"931","Japanese","27 Sep 2015",2015,"Lewis Hamilton","Mercedes","53","1:28:06.508"
"932","Russian","11 Oct 2015",2015,"Lewis Hamilton","Mercedes","53","1:37:11.024"
"933","United States","25 Oct 2015",2015,"Lewis Hamilton","Mercedes","56","1:50:52.703"
"934","Mexican","01 Nov 2015",2015,"Nico Rosberg","Mercedes","71","1:42:35.038"
"935","Brazilian","15 Nov 2015",2015,"Nico Rosberg","Mercedes","71","1:31:09.090"
"936","Abu Dhabi","29 Nov 2015",2015,"Nico Rosberg","Mercedes","55","1:38:30.175"
"937","Australian","20 Mar 2016",2016,"Nico Rosberg","Mercedes","57","1:48:15.565"
"938","Bahrain","03 Apr 2016",2016,"Nico Rosberg","Mercedes","57","1:33:34.696"
"939","Chinese","17 Apr 2016",2016,"Nico Rosberg","Mercedes","56","1:38:53.891"
"940","Russian","01 May 2016",2016,"Nico Rosberg","Mercedes","53","1:32:41.997"
"941","Spanish","15 May 2016",2016,"Max Verstappen","Red Bull Racing TAG Heuer","66","1:41:40.017"
"942","Monaco","29 May 2016",2016,"Lewis Hamilton","Mercedes","78","1:59:29.133"
"943","Canadian","12 Jun 2016",2016,"Lewis Hamilton","Mercedes","70","1:31:05.296"
"944","European","19 Jun 2016",2016,"Nico Rosberg","Mercedes","51","1:32:52.366"
"945","Austrian","03 Jul 2016",2016,"Lewis Hamilton","Mercedes","71","1:27:38.107"
"946","British","10 Jul 2016",2016,"Lewis Hamilton","Mercedes","52","1:34:55.831"
"947","Hungarian","24 Jul 2016",2016,"Lewis Hamilton","Mercedes","70","1:40:30.115"
"948","German","31 Jul 2016",2016,"Lewis Hamilton","Mercedes","67","1:30:44.200"
"949","Belgian","28 Aug 2016",2016,"Nico Rosberg","Mercedes","44","1:44:51.058"
"950","Italian","04 Sep 2016",2016,"Nico Rosberg","Mercedes","53","1:17:28.089"
"951","Singapore","18 Sep 2016",2016,"Nico Rosberg","Mercedes","61","1:55:48.950"
"952","Malaysian","02 Oct 2016",2016,"Daniel Ricciardo","Red Bull Racing TAG Heuer","56","1:37:12.776"
"953","Japanese","09 Oct 2016",2016,"Nico Rosberg","Mercedes","53","1:26:43.333"
"954","United States","23 Oct 2016",2016,"Lewis Hamilton","Mercedes","56","1:38:12.618"
"955","Mexican","30 Oct 2016",2016,"Lewis Hamilton","Mercedes","71","1:40:31.402"
"956","Brazilian","13 Nov 2016",2016,"Lewis Hamilton","Mercedes","71","3:01:01.335"
"957","Abu Dhabi","27 Nov 2016",2016,"Lewis Hamilton","Mercedes","55","1:38:04.013"
"958","Australian","26 Mar 2017",2017,"Sebastian Vettel","Ferrari","57","1:24:11.672"
"959","Chinese","09 Apr 2017",2017,"Lewis Hamilton","Mercedes","56","1:37:36.158"
"960","Bahrain","16 Apr 2017",2017,"Sebastian Vettel","Ferrari","57","1:33:53.374"
"961","Russian","30 Apr 2017",2017,"Valtteri Bottas","Mercedes","52","1:28:08.743"
"962","Spanish","14 May 2017",2017,"Lewis Hamilton","Mercedes","66","1:35:56.497"
"963","Monaco","28 May 2017",2017,"Sebastian Vettel","Ferrari","78","1:44:44.340"
"964","Canadian","11 Jun 2017",2017,"Lewis Hamilton","Mercedes","70","1:33:05.154"
"965","Azerbaijan","25 Jun 2017",2017,"Daniel Ricciardo","Red Bull Racing TAG Heuer","51","2:03:55.573"
"966","Austrian","09 Jul 2017",2017,"Valtteri Bottas","Mercedes","71","1:21:48.523"
"967","British","16 Jul 2017",2017,"Lewis Hamilton","Mercedes","51","1:21:27.430"
"968","Hungarian","30 Jul 2017",2017,"Sebastian Vettel","Ferrari","70","1:39:46.713"
"969","Belgian","27 Aug 2017",2017,"Lewis Hamilton","Mercedes","44","1:24:42.820"
"970","Italian","03 Sep 2017",2017,"Lewis Hamilton","Mercedes","53","1:15:32.312"
"971","Singapore","17 Sep 2017",2017,"Lewis Hamilton","Mercedes","58","2:03:23.544"
"972","Malaysian","01 Oct 2017",2017,"Max Verstappen","Red Bull Racing TAG Heuer","56","1:30:01.290"
"973","Japanese","08 Oct 2017",2017,"Lewis Hamilton","Mercedes","53","1:27:31.194"
"974","United States","22 Oct 2017",2017,"Lewis Hamilton","Mercedes","56","1:33:50.991"
"975","Mexican","29 Oct 2017",2017,"Max Verstappen","Red Bull Racing TAG Heuer","71","1:36:26.552"
"976","Brazilian","12 Nov 2017",2017,"Sebastian Vettel","Ferrari","71","1:31:26.262"
"977","Abu Dhabi","26 Nov 2017",2017,"Valtteri Bottas","Mercedes","55","1:34:14.062"
"978","Australian","25 Mar 2018",2018,"Sebastian Vettel","Ferrari","58","1:29:33.283"
"979","Bahrain","08 Apr 2018",2018,"Sebastian Vettel","Ferrari","57","1:32:01.940"
"980","Chinese","15 Apr 2018",2018,"Daniel Ricciardo","Red Bull Racing TAG Heuer","56","1:35:36.380"
"981","Azerbaijan","29 Apr 2018",2018,"Lewis Hamilton","Mercedes","51","1:43:44.291"
"982","Spanish","13 May 2018",2018,"Lewis Hamilton","Mercedes","66","1:35:29.972"
"983","Monaco","27 May 2018",2018,"Daniel Ricciardo","Red Bull Racing TAG Heuer","78","1:42:54.807"
"984","Canadian","10 Jun 2018",2018,"Sebastian Vettel","Ferrari","68","1:28:31.377"
"985","French","24 Jun 2018",2018,"Lewis Hamilton","Mercedes","53","1:30:11.385"
"986","Austrian","01 Jul 2018",2018,"Max Verstappen","Red Bull Racing TAG Heuer","71","1:21:56.024"
"987","British","08 Jul 2018",2018,"Sebastian Vettel","Ferrari","52","1:27:29.784"
"988","German","22 Jul 2018",2018,"Lewis Hamilton","Mercedes","67","1:32:29.845"
"989","Hungarian","29 Jul 2018",2018,"Lewis Hamilton","Mercedes","70","1:37:16.427"
"990","Belgian","26 Aug 2018",2018,"Sebastian Vettel","Ferrari","44","1:23:34.476"
"991","Italian","02 Sep 2018",2018,"Lewis Hamilton","Mercedes","53","1:16:54.484"
"992","Singapore","16 Sep 2018",2018,"Lewis Hamilton","Mercedes","61","1:51:11.611"
"993","Russian","30 Sep 2018",2018,"Lewis Hamilton","Mercedes","53","1:27:25.181"
"994","Japanese","07 Oct 2018",2018,"Lewis Hamilton","Mercedes","53","1:27:17.062"
"995","United States","21 Oct 2018",2018,"Kimi Rikknen","Ferrari","56","1:34:18.643"
"996","Mexican","28 Oct 2018",2018,"Max Verstappen","Red Bull Racing TAG Heuer","71","1:38:28.851"
"997","Brazilian","11 Nov 2018",2018,"Lewis Hamilton","Mercedes","71","1:27:09.066"
"998","Abu Dhabi","25 Nov 2018",2018,"Lewis Hamilton","Mercedes","55","1:39:40.382"
"999","Australian","17 Mar 2019",2019,"Valtteri Bottas","Mercedes","58","1:25:27.325"
"1000","Bahrain","31 Mar 2019",2019,"Lewis Hamilton","Mercedes","57","1:34:21.295"
"1001","Chinese","14 Apr 2019",2019,"Lewis Hamilton","Mercedes","56","1:32:06.350"
"1002","Azerbaijan","28 Apr 2019",2019,"Valtteri Bottas","Mercedes","51","1:31:52.942"
"1003","Spanish","12 May 2019",2019,"Lewis Hamilton","Mercedes","66","1:35:50.443"
"1004","Monaco","26 May 2019",2019,"Lewis Hamilton","Mercedes","78","1:43:28.437"
"1005","Canadian","09 Jun 2019",2019,"Lewis Hamilton","Mercedes","70","1:29:07.084"
"1006","French","23 Jun 2019",2019,"Lewis Hamilton","Mercedes","53","1:24:31.198"
"1007","Austrian","30 Jun 2019",2019,"Max Verstappen","Red Bull Racing Honda","71","1:22:01.822"
"1008","British","14 Jul 2019",2019,"Lewis Hamilton","Mercedes","52","1:21:08.452"
"1009","German","28 Jul 2019",2019,"Max Verstappen","Red Bull Racing Honda","64","1:44:31.275"
"1010","Hungarian","04 Aug 2019",2019,"Lewis Hamilton","Mercedes","70","1:35:03.796"
"1011","Belgian","01 Sep 2019",2019,"Charles Leclerc","Ferrari","44","1:23:45.710"
"1012","Italian","08 Sep 2019",2019,"Charles Leclerc","Ferrari","53","1:15:26.665"
"1013","Singapore","22 Sep 2019",2019,"Sebastian Vettel","Ferrari","61","1:58:33.667"
"1014","Russian","29 Sep 2019",2019,"Lewis Hamilton","Mercedes","53","1:33:38.992"
"1015","Japanese","13 Oct 2019",2019,"Valtteri Bottas","Mercedes","52","1:21:46.755"
"1016","Mexican","27 Oct 2019",2019,"Lewis Hamilton","Mercedes","71","1:36:48.904"
"1017","United States","03 Nov 2019",2019,"Valtteri Bottas","Mercedes","56","1:33:55.653"
"1018","Brazilian","17 Nov 2019",2019,"Max Verstappen","Red Bull Racing Honda","71","1:33:14.678"
"1019","Abu Dhabi","01 Dec 2019",2019,"Lewis Hamilton","Mercedes","55","1:34:05.715"
"1020","Austrian","05 Jul 2020",2020,"Valtteri Bottas","Mercedes","71","1:30:55.739"
"1021","Styrian","12 Jul 2020",2020,"Lewis Hamilton","Mercedes","71","1:22:50.683"
"1022","Hungarian","19 Jul 2020",2020,"Lewis Hamilton","Mercedes","70","1:36:12.473"
"1023","British","02 Aug 2020",2020,"Lewis Hamilton","Mercedes","52","1:28:01.283"
"1024","70th Anniversary","09 Aug 2020",2020,"Max Verstappen","Red Bull Racing Honda","52","1:19:41.993"
"1025","Spanish","16 Aug 2020",2020,"Lewis Hamilton","Mercedes","66","1:31:45.279"
"1026","Belgian","30 Aug 2020",2020,"Lewis Hamilton","Mercedes","44","1:24:08.761"
"1027","Italian","06 Sep 2020",2020,"Pierre Gasly","AlphaTauri Honda","53","1:47:06.056"
"1028","Tuscan","13 Sep 2020",2020,"Lewis Hamilton","Mercedes","59","2:19:35.060"
"1029","Russian","27 Sep 2020",2020,"Valtteri Bottas","Mercedes","53","1:34:00.364"
"1030","Eifel","11 Oct 2020",2020,"Lewis Hamilton","Mercedes","60","1:35:49.641"
"1031","Portuguese","25 Oct 2020",2020,"Lewis Hamilton","Mercedes","66","1:29:56.828"
"1032","Emilia Romagna","01 Nov 2020",2020,"Lewis Hamilton","Mercedes","63","1:28:32.430"
"1033","Turkish","15 Nov 2020",2020,"Lewis Hamilton","Mercedes","58","1:42:19.313"
"1034","Bahrain","29 Nov 2020",2020,"Lewis Hamilton","Mercedes","57","2:59:47.515"
"1035","Sakhir","06 Dec 2020",2020,"Sergio Perez","Racing Point BWT Mercedes","87","1:31:15.114"
"1036","Abu Dhabi","13 Dec 2020",2020,"Max Verstappen","Red Bull Racing Honda","55","1:36:28.645"
