"","GrandPrix","Date","Year","Winner","Car","Laps","Time"
"1","  Great Britain  ","13 May 1950",1950," Nino Farina ","Alfa Romeo","70","2:13:23.600"
"2","  Monaco  ","21 May 1950",1950," Juan Manuel Fangio ","Alfa Romeo","100","3:13:18.700"
"3","  Indianapolis 500  ","30 May 1950",1950," Johnnie  Parsons ","Kurtis Kraft Offenhauser","138","2:46:55.970"
"4","  Switzerland  ","04 Jun 1950",1950," Nino Farina ","Alfa Romeo","42","2:02:53.700"
"5","  Belgium  ","18 Jun 1950",1950," Juan Manuel Fangio ","Alfa Romeo","35","2:47:26.000"
"6","  France  ","02 Jul 1950",1950," Juan Manuel Fangio ","Alfa Romeo","64","2:57:52.800"
"7","  Italy  ","03 Sep 1950",1950," Nino Farina ","Alfa Romeo","80","2:51:17.400"
"8","  Switzerland  ","27 May 1951",1951," Juan Manuel Fangio ","Alfa Romeo","42","2:07:53.640"
"9","  Indianapolis 500  ","30 May 1951",1951," Lee Wallard ","Kurtis Kraft Offenhauser","200","3:57:38.050"
"10","  Belgium  ","17 Jun 1951",1951," Nino Farina ","Alfa Romeo","36","2:45:46.200"
"11","  France  ","01 Jul 1951",1951," Juan Manuel Fangio ","Alfa Romeo","77","3:22:11.000"
"13","  Great Britain  ","14 Jul 1951",1951," Jose Froilan Gonzalez ","Ferrari","90","2:42:18.200"
"14","  Germany  ","29 Jul 1951",1951," Alberto Ascari ","Ferrari","20","3:23:03.300"
"15","  Italy  ","16 Sep 1951",1951," Alberto Ascari ","Ferrari","80","2:42:39.300"
"16","  Spain  ","28 Oct 1951",1951," Juan Manuel Fangio ","Alfa Romeo","70","2:46:54.100"
"17","  Switzerland  ","18 May 1952",1952," Piero  Taruffi ","Ferrari","62","3:01:46.100"
"18","  Indianapolis 500  ","30 May 1952",1952," Troy Ruttman ","Kuzma Offenhauser","200","3:52:41.880"
"19","  Belgium  ","22 Jun 1952",1952," Alberto Ascari ","Ferrari","36","3:03:46.300"
"20","  France  ","06 Jul 1952",1952," Alberto Ascari ","Ferrari","77","3:00:00.000"
"21","  Great Britain  ","19 Jul 1952",1952," Alberto Ascari ","Ferrari","85","2:44:11.000"
"22","  Germany  ","03 Aug 1952",1952," Alberto Ascari ","Ferrari","18","3:06:13.300"
"23","  Netherlands  ","17 Aug 1952",1952," Alberto Ascari ","Ferrari","90","2:53:28.500"
"24","  Italy  ","07 Sep 1952",1952," Alberto Ascari ","Ferrari","80","2:50:45.600"
"25","  Argentina  ","18 Jan 1953",1953," Alberto Ascari ","Ferrari","97","3:01:04.600"
"26","  Indianapolis 500  ","30 May 1953",1953," Bill  Vukovich  ","Kurtis Kraft Offenhauser","200","3:53:01.690"
"27","  Netherlands  ","07 Jun 1953",1953," Alberto Ascari ","Ferrari","90","2:53:35.800"
"28","  Belgium  ","21 Jun 1953",1953," Alberto Ascari ","Ferrari","36","2:48:30.300"
"29","  France  ","05 Jul 1953",1953," Mike Hawthorn ","Ferrari","60","2:44:18.600"
"30","  Great Britain  ","18 Jul 1953",1953," Alberto Ascari ","Ferrari","90","2:50:00.000"
"31","  Germany  ","02 Aug 1953",1953," Nino Farina ","Ferrari","18","3:02:25.000"
"32","  Switzerland  ","23 Aug 1953",1953," Alberto Ascari ","Ferrari","65","3:01:34.400"
"33","  Italy  ","13 Sep 1953",1953," Juan Manuel Fangio ","Maserati","80","2:49:45.900"
"34","  Argentina  ","17 Jan 1954",1954," Juan Manuel Fangio ","Maserati","87","3:00:55.800"
"35","  Indianapolis 500  ","31 May 1954",1954," Bill  Vukovich  ","Kurtis Kraft Offenhauser","200","3:49:17.270"
"36","  Belgium  ","20 Jun 1954",1954," Juan Manuel Fangio ","Maserati","36","2:44:42.400"
"37","  France  ","04 Jul 1954",1954," Juan Manuel Fangio ","Mercedes-Benz","61","2:42:47.900"
"38","  Great Britain  ","17 Jul 1954",1954," Jose Froilan Gonzalez ","Ferrari","90","2:56:14.000"
"39","  Germany  ","01 Aug 1954",1954," Juan Manuel Fangio ","Mercedes-Benz","22","3:45:45.800"
"40","  Switzerland  ","22 Aug 1954",1954," Juan Manuel Fangio ","Mercedes-Benz","66","3:00:34.500"
"41","  Italy  ","05 Sep 1954",1954," Juan Manuel Fangio ","Mercedes-Benz","80","2:47:47.900"
"42","  Spain  ","24 Oct 1954",1954," Mike Hawthorn ","Ferrari","80","3:13:52.100"
"43","  Argentina  ","16 Jan 1955",1955," Juan Manuel Fangio ","Mercedes-Benz","96","3:00:38.600"
"44","  Monaco  ","22 May 1955",1955," Maurice  Trintignant ","Ferrari","100","2:58:09.700"
"45","  Indianapolis 500  ","30 May 1955",1955," Bob Sweikert ","Kurtis Kraft Offenhauser","200","3:53:59.530"
"46","  Belgium  ","05 Jun 1955",1955," Juan Manuel Fangio ","Mercedes-Benz","36","2:39:29.000"
"47","  Netherlands  ","19 Jun 1955",1955," Juan Manuel Fangio ","Mercedes-Benz","100","2:54:23.800"
"48","  Great Britain  ","16 Jul 1955",1955," Stirling Moss ","Mercedes-Benz","90","3:07:21.200"
"49","  Italy  ","11 Sep 1955",1955," Juan Manuel Fangio ","Mercedes-Benz","50","2:25:04.400"
"51","  Argentina  ","22 Jan 1956",1956," Juan Manuel Fangio ","Ferrari","98","3:00:03.700"
"52","  Monaco  ","13 May 1956",1956," Stirling Moss ","Maserati","100","3:00:32.900"
"53","  Indianapolis 500  ","30 May 1956",1956," Pat Flaherty ","Watson Offenhauser","200","3:53:28.840"
"54","  Belgium  ","03 Jun 1956",1956," Peter Collins ","Ferrari","36","2:40:00.300"
"55","  France  ","01 Jul 1956",1956," Peter Collins ","Ferrari","61","2:34:23.400"
"56","  Great Britain  ","14 Jul 1956",1956," Juan Manuel Fangio ","Ferrari","101","2:59:47.000"
"57","  Germany  ","05 Aug 1956",1956," Juan Manuel Fangio ","Ferrari","22","3:38:43.700"
"58","  Italy  ","02 Sep 1956",1956," Stirling Moss ","Maserati","50","2:23:41.300"
"59","  Argentina  ","13 Jan 1957",1957," Juan Manuel Fangio ","Maserati","100","3:00:55.900"
"60","  Monaco  ","19 May 1957",1957," Juan Manuel Fangio ","Maserati","105","3:10:12.800"
"61","  Indianapolis 500  ","30 May 1957",1957," Sam Hanks ","Epperly Offenhauser","200","3:41:14.250"
"62","  France  ","07 Jul 1957",1957," Juan Manuel Fangio ","Maserati","77","3:07:46.400"
"63","  Great Britain  ","20 Jul 1957",1957," Stirling Moss ","Vanwall","90","3:06:37.800"
"65","  Germany  ","04 Aug 1957",1957," Juan Manuel Fangio ","Maserati","22","3:30:38.300"
"66","  Pescara  ","18 Aug 1957",1957," Stirling Moss ","Vanwall","18","2:59:22.700"
"67","  Italy  ","08 Sep 1957",1957," Stirling Moss ","Vanwall","87","2:35:03.900"
"68","  Argentina  ","19 Jan 1958",1958," Stirling Moss ","Cooper Climax","80","2:19:33.700"
"69","  Monaco  ","18 May 1958",1958," Maurice  Trintignant ","Cooper Climax","100","2:52:27.900"
"70","  Netherlands  ","26 May 1958",1958," Stirling Moss ","Vanwall","75","2:04:49.200"
"71","  Indianapolis 500  ","30 May 1958",1958," Jimmy Bryan ","Epperly Offenhauser","200","3:44:13.800"
"72","  Belgium  ","15 Jun 1958",1958," Tony Brooks ","Vanwall","24","1:37:06.300"
"73","  France  ","06 Jul 1958",1958," Mike Hawthorn ","Ferrari","50","2:03:21.300"
"74","  Great Britain  ","19 Jul 1958",1958," Peter Collins ","Ferrari","75","2:09:04.200"
"75","  Germany  ","03 Aug 1958",1958," Tony Brooks ","Vanwall","15","2:21:15.000"
"76","  Portugal  ","24 Aug 1958",1958," Stirling Moss ","Vanwall","50","2:11:27.800"
"77","  Italy  ","07 Sep 1958",1958," Tony Brooks ","Vanwall","70","2:03:47.800"
"78","  Morocco  ","19 Oct 1958",1958," Stirling Moss ","Vanwall","53","2:09:15.100"
"79","  Monaco  ","10 May 1959",1959," Jack Brabham ","Cooper Climax","100","2:55:51.300"
"80","  Indianapolis 500  ","30 May 1959",1959," Rodger Ward ","Watson Offenhauser","200","3:40:49.200"
"81","  Netherlands  ","31 May 1959",1959," Jo Bonnier ","BRM","75","2:05:26.800"
"82","  France  ","05 Jul 1959",1959," Tony Brooks ","Ferrari","50","2:01:26.500"
"83","  Great Britain  ","18 Jul 1959",1959," Jack Brabham ","Cooper Climax","75","2:30:11.600"
"84","  Germany  ","02 Aug 1959",1959," Tony Brooks ","Ferrari","60","2:09:31.600"
"85","  Portugal  ","23 Aug 1959",1959," Stirling Moss ","Cooper Climax","62","2:11:55.410"
"86","  Italy  ","13 Sep 1959",1959," Stirling Moss ","Cooper Climax","72","2:04:05.400"
"87","  United States   ","12 Dec 1959",1959," Bruce McLaren ","Cooper Climax","42","2:12:35.700"
"88","  Argentina  ","07 Feb 1960",1960," Bruce McLaren ","Cooper Climax","80","2:17:49.500"
"89","  Monaco  ","29 May 1960",1960," Stirling Moss ","Lotus Climax","100","2:53:45.500"
"90","  Indianapolis 500  ","30 May 1960",1960," Jim Rathmann ","Watson Offenhauser","200","3:36:11.360"
"91","  Netherlands  ","06 Jun 1960",1960," Jack Brabham ","Cooper Climax","75","2:01:47.200"
"92","  Belgium  ","19 Jun 1960",1960," Jack Brabham ","Cooper Climax","36","2:21:37.300"
"93","  France  ","03 Jul 1960",1960," Jack Brabham ","Cooper Climax","50","1:57:24.900"
"94","  Great Britain  ","16 Jul 1960",1960," Jack Brabham ","Cooper Climax","77","2:04:24.600"
"95","  Portugal  ","14 Aug 1960",1960," Jack Brabham ","Cooper Climax","55","2:19:00.030"
"96","  Italy  ","04 Sep 1960",1960," Phil Hill ","Ferrari","50","2:21:09.200"
"97","  United States   ","20 Nov 1960",1960," Stirling Moss ","Lotus Climax","75","2:28:52.200"
"98","  Monaco  ","14 May 1961",1961," Stirling Moss ","Lotus Climax","100","2:45:50.100"
"99","  Netherlands  ","22 May 1961",1961," Wolfgang von Trips ","Ferrari","75","2:01:52.100"
"100","  Belgium  ","18 Jun 1961",1961," Phil Hill ","Ferrari","30","2:03:03.800"
"101","  France  ","02 Jul 1961",1961," Giancarlo Baghetti ","Ferrari","52","2:14:17.500"
"102","  Great Britain  ","15 Jul 1961",1961," Wolfgang von Trips ","Ferrari","75","2:40:53.600"
"103","  Germany  ","06 Aug 1961",1961," Stirling Moss ","Lotus Climax","15","2:18:12.400"
"104","  Italy  ","10 Sep 1961",1961," Phil Hill ","Ferrari","43","2:03:13.000"
"105","  United States   ","08 Oct 1961",1961," Innes Ireland ","Lotus Climax","100","2:13:45.800"
"106","  Netherlands  ","20 May 1962",1962," Graham Hill ","BRM","80","2:11:02.100"
"107","  Monaco  ","03 Jun 1962",1962," Bruce McLaren ","Cooper Climax","100","2:46:29.700"
"108","  Belgium  ","17 Jun 1962",1962," Jim Clark ","Lotus Climax","32","2:07:32.300"
"109","  France  ","08 Jul 1962",1962," Dan Gurney ","Porsche","54","2:07:35.500"
"110","  Great Britain  ","21 Jul 1962",1962," Jim Clark ","Lotus Climax","75","2:26:20.800"
"111","  Germany  ","05 Aug 1962",1962," Graham Hill ","BRM","15","2:38:45.300"
"112","  Italy  ","16 Sep 1962",1962," Graham Hill ","BRM","86","2:29:08.400"
"113","  United States   ","07 Oct 1962",1962," Jim Clark ","Lotus Climax","100","2:07:13.000"
"114","  South Africa  ","29 Dec 1962",1962," Graham Hill ","BRM","82","2:08:03.300"
"115","  Monaco  ","26 May 1963",1963," Graham Hill ","BRM","100","2:41:49.700"
"116","  Belgium  ","09 Jun 1963",1963," Jim Clark ","Lotus Climax","32","2:27:47.600"
"117","  Netherlands  ","23 Jun 1963",1963," Jim Clark ","Lotus Climax","80","2:08:13.700"
"118","  France  ","30 Jun 1963",1963," Jim Clark ","Lotus Climax","53","2:10:54.300"
"119","  Great Britain  ","20 Jul 1963",1963," Jim Clark ","Lotus Climax","82","2:14:09.600"
"120","  Germany  ","04 Aug 1963",1963," John Surtees ","Ferrari","15","2:13:06.800"
"121","  Italy  ","08 Sep 1963",1963," Jim Clark ","Lotus Climax","86","2:24:19.600"
"122","  United States   ","06 Oct 1963",1963," Graham Hill ","BRM","110","2:19:22.100"
"123","  Mexico  ","27 Oct 1963",1963," Jim Clark ","Lotus Climax","65","2:09:52.100"
"124","  South Africa  ","28 Dec 1963",1963," Jim Clark ","Lotus Climax","85","2:10:36.900"
"125","  Monaco  ","10 May 1964",1964," Graham Hill ","BRM","100","2:41:19.500"
"126","  Netherlands  ","24 May 1964",1964," Jim Clark ","Lotus Climax","80","2:07:35.400"
"127","  Belgium  ","14 Jun 1964",1964," Jim Clark ","Lotus Climax","32","2:06:40.500"
"128","  France  ","28 Jun 1964",1964," Dan Gurney ","Brabham Climax","57","2:07:49.100"
"129","  Great Britain  ","11 Jul 1964",1964," Jim Clark ","Lotus Climax","80","2:15:07.000"
"130","  Germany  ","02 Aug 1964",1964," John Surtees ","Ferrari","15","2:12:04.800"
"131","  Austria  ","23 Aug 1964",1964," Lorenzo Bandini ","Ferrari","105","2:06:18.230"
"132","  Italy  ","06 Sep 1964",1964," John Surtees ","Ferrari","78","2:10:51.800"
"133","  United States   ","04 Oct 1964",1964," Graham Hill ","BRM","110","2:16:38.000"
"134","  Mexico  ","25 Oct 1964",1964," Dan Gurney ","Brabham Climax","65","2:09:50.320"
"135","  South Africa  ","01 Jan 1965",1965," Jim Clark ","Lotus Climax","85","2:06:46.000"
"136","  Monaco  ","30 May 1965",1965," Graham Hill ","BRM","100","2:37:39.600"
"137","  Belgium  ","13 Jun 1965",1965," Jim Clark ","Lotus Climax","32","2:23:34.800"
"138","  France  ","27 Jun 1965",1965," Jim Clark ","Lotus Climax","40","2:14:38.400"
"139","  Great Britain  ","10 Jul 1965",1965," Jim Clark ","Lotus Climax","80","2:05:25.400"
"140","  Netherlands  ","18 Jul 1965",1965," Jim Clark ","Lotus Climax","80","2:03:59.100"
"141","  Germany  ","01 Aug 1965",1965," Jim Clark ","Lotus Climax","15","2:07:52.400"
"142","  Italy  ","12 Sep 1965",1965," Jackie Stewart ","BRM","76","2:04:52.800"
"143","  United States   ","03 Oct 1965",1965," Graham Hill ","BRM","110","2:20:36.100"
"144","  Mexico  ","24 Oct 1965",1965," Richie Ginther ","Honda","65","2:08:32.100"
"145","  Monaco  ","22 May 1966",1966," Jackie Stewart ","BRM","100","2:33:10.500"
"146","  Belgium  ","12 Jun 1966",1966," John Surtees ","Ferrari","28","2:09:11.300"
"147","  France  ","03 Jul 1966",1966," Jack Brabham ","Brabham Repco","48","1:48:31.300"
"148","  Great Britain  ","16 Jul 1966",1966," Jack Brabham ","Brabham Repco","80","2:13:13.400"
"149","  Netherlands  ","24 Jul 1966",1966," Jack Brabham ","Brabham Repco","90","2:20:32.500"
"150","  Germany  ","07 Aug 1966",1966," Jack Brabham ","Brabham Repco","15","2:27:03.000"
"151","  Italy  ","04 Sep 1966",1966," Ludovico Scarfiotti ","Ferrari","68","1:47:14.800"
"152","  United States   ","02 Oct 1966",1966," Jim Clark ","Lotus BRM","108","2:09:40.100"
"153","  Mexico  ","23 Oct 1966",1966," John Surtees ","Cooper Maserati","65","2:06:35.340"
"154","  South Africa  ","02 Jan 1967",1967," Pedro Rodriguez ","Cooper Maserati","80","2:05:45.900"
"155","  Monaco  ","07 May 1967",1967," Denny Hulme ","Brabham Repco","100","2:34:34.300"
"156","  Netherlands  ","04 Jun 1967",1967," Jim Clark ","Lotus Ford","90","2:14:45.100"
"157","  Belgium  ","18 Jun 1967",1967," Dan Gurney ","Eagle Weslake","28","1:40:49.400"
"158","  France  ","02 Jul 1967",1967," Jack Brabham ","Brabham Repco","80","2:13:21.300"
"159","  Great Britain  ","15 Jul 1967",1967," Jim Clark ","Lotus Ford","80","1:59:25.600"
"160","  Germany  ","06 Aug 1967",1967," Denny Hulme ","Brabham Repco","15","2:05:55.700"
"161","  Canada  ","27 Aug 1967",1967," Jack Brabham ","Brabham Repco","90","2:40:40.000"
"162","  Italy  ","10 Sep 1967",1967," John Surtees ","Honda","68","1:43:45.000"
"163","  United States   ","01 Oct 1967",1967," Jim Clark ","Lotus Ford","108","2:03:13.200"
"164","  Mexico  ","22 Oct 1967",1967," Jim Clark ","Lotus Ford","65","1:59:28.700"
"165","  South Africa  ","01 Jan 1968",1968," Jim Clark ","Lotus Ford","80","1:53:56.600"
"166","  Spain  ","12 May 1968",1968," Graham Hill ","Lotus Ford","90","2:15:20.100"
"167","  Monaco  ","26 May 1968",1968," Graham Hill ","Lotus Ford","80","2:00:32.300"
"168","  Belgium  ","09 Jun 1968",1968," Bruce McLaren ","McLaren Ford","28","1:40:02.100"
"169","  Netherlands  ","23 Jun 1968",1968," Jackie Stewart ","Matra Ford","90","2:46:11.260"
"170","  France  ","07 Jul 1968",1968," Jacky Ickx ","Ferrari","60","2:25:40.900"
"171","  Great Britain  ","20 Jul 1968",1968," Jo Siffert ","Lotus Ford","80","2:01:20.300"
"172","  Germany  ","04 Aug 1968",1968," Jackie Stewart ","Matra Ford","14","2:19:03.200"
"173","  Italy  ","08 Sep 1968",1968," Denny Hulme ","McLaren Ford","68","1:40:14.800"
"174","  Canada  ","22 Sep 1968",1968," Denny Hulme ","McLaren Ford","90","2:27:11.200"
"175","  United States   ","06 Oct 1968",1968," Jackie Stewart ","Matra Ford","108","1:59:20.290"
"176","  Mexico  ","03 Nov 1968",1968," Graham Hill ","Lotus Ford","65","1:56:43.950"
"177","  South Africa  ","01 Mar 1969",1969," Jackie Stewart ","Matra Ford","80","1:50:39.100"
"178","  Spain  ","04 May 1969",1969," Jackie Stewart ","Matra Ford","90","2:16:53.990"
"179","  Monaco  ","18 May 1969",1969," Graham Hill ","Lotus Ford","80","1:56:59.400"
"180","  Netherlands  ","21 Jun 1969",1969," Jackie Stewart ","Matra Ford","90","2:06:42.080"
"181","  France  ","06 Jul 1969",1969," Jackie Stewart ","Matra Ford","38","1:56:47.400"
"182","  Great Britain  ","19 Jul 1969",1969," Jackie Stewart ","Matra Ford","84","1:55:55.600"
"183","  Germany  ","03 Aug 1969",1969," Jacky Ickx ","Brabham Ford","14","1:49:55.400"
"184","  Italy  ","07 Sep 1969",1969," Jackie Stewart ","Matra Ford","68","1:39:11.260"
"185","  Canada  ","20 Sep 1969",1969," Jacky Ickx ","Brabham Ford","90","1:59:25.700"
"186","  United States   ","05 Oct 1969",1969," Jochen Rindt ","Lotus Ford","108","1:57:56.840"
"187","  Mexico  ","19 Oct 1969",1969," Denny Hulme ","McLaren Ford","65","1:54:08.800"
"188","  South Africa  ","07 Mar 1970",1970," Jack Brabham ","Brabham Ford","80","1:49:34.600"
"189","  Spain  ","19 Apr 1970",1970," Jackie Stewart ","March Ford","90","2:10:58.200"
"190","  Monaco  ","10 May 1970",1970," Jochen Rindt ","Lotus Ford","80","1:54:36.600"
"191","  Belgium  ","07 Jun 1970",1970," Pedro Rodriguez ","BRM","28","1:38:09.900"
"192","  Netherlands  ","21 Jun 1970",1970," Jochen Rindt ","Lotus Ford","80","1:50:43.410"
"193","  France  ","05 Jul 1970",1970," Jochen Rindt ","Lotus Ford","38","1:55:57.000"
"194","  Great Britain  ","18 Jul 1970",1970," Jochen Rindt ","Lotus Ford","80","1:57:02.000"
"195","  Germany  ","02 Aug 1970",1970," Jochen Rindt ","Lotus Ford","50","1:42:00.300"
"196","  Austria  ","16 Aug 1970",1970," Jacky Ickx ","Ferrari","60","1:42:17.320"
"197","  Italy  ","06 Sep 1970",1970," Clay Regazzoni ","Ferrari","68","1:39:06.880"
"198","  Canada  ","20 Sep 1970",1970," Jacky Ickx ","Ferrari","90","2:21:18.400"
"199","  United States   ","04 Oct 1970",1970," Emerson Fittipaldi ","Lotus Ford","108","1:57:32.790"
"200","  Mexico  ","25 Oct 1970",1970," Jacky Ickx ","Ferrari","65","1:53:28.360"
"201","  South Africa  ","06 Mar 1971",1971," Mario Andretti ","Ferrari","79","1:47:35.500"
"202","  Spain  ","18 Apr 1971",1971," Jackie Stewart ","Tyrrell Ford","75","1:49:03.400"
"203","  Monaco  ","23 May 1971",1971," Jackie Stewart ","Tyrrell Ford","80","1:52:21.300"
"204","  Netherlands  ","20 Jun 1971",1971," Jacky Ickx ","Ferrari","70","1:56:20.090"
"205","  France  ","04 Jul 1971",1971," Jackie Stewart ","Tyrrell Ford","55","1:46:41.680"
"206","  Great Britain  ","17 Jul 1971",1971," Jackie Stewart ","Tyrrell Ford","68","1:31:31.500"
"207","  Germany  ","01 Aug 1971",1971," Jackie Stewart ","Tyrrell Ford","12","1:29:15.700"
"208","  Austria  ","15 Aug 1971",1971," Jo Siffert ","BRM","54","1:30:23.910"
"209","  Italy  ","05 Sep 1971",1971," Peter  Gethin  ","BRM","55","1:18:12.600"
"210","  Canada  ","19 Sep 1971",1971," Jackie Stewart ","Tyrrell Ford","64","1:55:12.900"
"211","  United States   ","03 Oct 1971",1971," Francois  Cevert  ","Tyrrell Ford","59","1:43:51.991"
"212","  Argentina  ","23 Jan 1972",1972," Jackie Stewart ","Tyrrell Ford","95","1:57:58.820"
"213","  South Africa  ","04 Mar 1972",1972," Denny Hulme ","McLaren Ford","79","1:45:49.100"
"214","  Spain  ","01 May 1972",1972," Emerson Fittipaldi ","Lotus Ford","90","2:03:41.230"
"215","  Monaco  ","14 May 1972",1972," Jean-Pierre Beltoise ","BRM","80","2:26:54.700"
"216","  Belgium  ","04 Jun 1972",1972," Emerson Fittipaldi ","Lotus Ford","85","1:44:06.700"
"217","  France  ","02 Jul 1972",1972," Jackie Stewart ","Tyrrell Ford","38","1:52:21.500"
"218","  Great Britain  ","15 Jul 1972",1972," Emerson Fittipaldi ","Lotus Ford","76","1:47:50.200"
"219","  Germany  ","30 Jul 1972",1972," Jacky Ickx ","Ferrari","14","1:42:12.300"
"220","  Austria  ","13 Aug 1972",1972," Emerson Fittipaldi ","Lotus Ford","54","1:29:16.660"
"221","  Italy  ","10 Sep 1972",1972," Emerson Fittipaldi ","Lotus Ford","55","1:29:58.400"
"222","  Canada  ","24 Sep 1972",1972," Jackie Stewart ","Tyrrell Ford","80","1:43:16.900"
"223","  United States   ","08 Oct 1972",1972," Jackie Stewart ","Tyrrell Ford","59","1:41:45.354"
"224","  Argentina  ","28 Jan 1973",1973," Emerson Fittipaldi ","Lotus Ford","96","1:56:18.220"
"225","  Brazil  ","11 Feb 1973",1973," Emerson Fittipaldi ","Lotus Ford","40","1:43:55.600"
"226","  South Africa  ","03 Mar 1973",1973," Jackie Stewart ","Tyrrell Ford","79","1:43:11.070"
"227","  Spain  ","29 Apr 1973",1973," Emerson Fittipaldi ","Lotus Ford","75","1:48:18.700"
"228","  Belgium  ","20 May 1973",1973," Jackie Stewart ","Tyrrell Ford","70","1:42:13.430"
"229","  Monaco  ","03 Jun 1973",1973," Jackie Stewart ","Tyrrell Ford","78","1:57:44.300"
"230","  Sweden  ","17 Jun 1973",1973," Denny Hulme ","McLaren Ford","80","1:56:46.049"
"231","  France  ","01 Jul 1973",1973," Ronnie Peterson ","Lotus Ford","54","1:41:36.520"
"232","  Great Britain  ","14 Jul 1973",1973," Peter Revson ","McLaren Ford","67","1:29:18.500"
"233","  Netherlands  ","29 Jul 1973",1973," Jackie Stewart ","Tyrrell Ford","72","1:39:12.450"
"234","  Germany  ","05 Aug 1973",1973," Jackie Stewart ","Tyrrell Ford","14","1:42:03.000"
"235","  Austria  ","19 Aug 1973",1973," Ronnie Peterson ","Lotus Ford","54","1:28:48.780"
"236","  Italy  ","09 Sep 1973",1973," Ronnie Peterson ","Lotus Ford","55","1:29:17.000"
"237","  Canada  ","23 Sep 1973",1973," Peter Revson ","McLaren Ford","80","1:59:04.083"
"238","  United States   ","07 Oct 1973",1973," Ronnie Peterson ","Lotus Ford","59","1:41:15.799"
"239","  Argentina  ","13 Jan 1974",1974," Denny Hulme ","McLaren Ford","53","1:41:02.010"
"240","  Brazil  ","27 Jan 1974",1974," Emerson Fittipaldi ","McLaren Ford","32","1:24:37.060"
"241","  South Africa  ","30 Mar 1974",1974," Carlos Reutemann ","Brabham Ford","78","1:42:40.960"
"242","  Spain  ","28 Apr 1974",1974," Niki Lauda ","Ferrari","84","2:00:29.560"
"243","  Belgium  ","12 May 1974",1974," Emerson Fittipaldi ","McLaren Ford","85","1:44:20.570"
"244","  Monaco  ","26 May 1974",1974," Ronnie Peterson ","Lotus Ford","78","1:58:03.700"
"245","  Sweden  ","09 Jun 1974",1974," Jody Scheckter ","Tyrrell Ford","80","1:58:31.391"
"246","  Netherlands  ","23 Jun 1974",1974," Niki Lauda ","Ferrari","75","1:43:00.350"
"247","  France  ","07 Jul 1974",1974," Ronnie Peterson ","Lotus Ford","80","1:21:55.020"
"248","  Great Britain  ","20 Jul 1974",1974," Jody Scheckter ","Tyrrell Ford","75","1:43:02.200"
"249","  Germany  ","04 Aug 1974",1974," Clay Regazzoni ","Ferrari","14","1:41:35.000"
"250","  Austria  ","18 Aug 1974",1974," Carlos Reutemann ","Brabham Ford","54","1:28:44.720"
"251","  Italy  ","08 Sep 1974",1974," Ronnie Peterson ","Lotus Ford","52","1:22:56.600"
"252","  Canada  ","22 Sep 1974",1974," Emerson Fittipaldi ","McLaren Ford","80","1:40:26.136"
"253","  United States   ","06 Oct 1974",1974," Carlos Reutemann ","Brabham Ford","59","1:40:21.439"
"254","  Argentina  ","12 Jan 1975",1975," Emerson Fittipaldi ","McLaren Ford","53","1:39:26.290"
"255","  Brazil  ","26 Jan 1975",1975," Carlos Pace ","Brabham Ford","40","1:44:41.170"
"256","  South Africa  ","01 Mar 1975",1975," Jody Scheckter ","Tyrrell Ford","78","1:43:16.900"
"257","  Spain  ","27 Apr 1975",1975," Jochen Mass ","McLaren Ford","29","42:53.700"
"258","  Monaco  ","11 May 1975",1975," Niki Lauda ","Ferrari","75","2:01:21.310"
"259","  Belgium  ","25 May 1975",1975," Niki Lauda ","Ferrari","70","1:43:53.980"
"260","  Sweden  ","08 Jun 1975",1975," Niki Lauda ","Ferrari","80","1:59:18.319"
"261","  Netherlands  ","22 Jun 1975",1975," James Hunt ","Hesketh Ford","75","1:46:57.400"
"262","  France  ","06 Jul 1975",1975," Niki Lauda ","Ferrari","54","1:40:18.840"
"263","  Great Britain  ","19 Jul 1975",1975," Emerson Fittipaldi ","McLaren Ford","56","1:22:05.000"
"264","  Germany  ","03 Aug 1975",1975," Carlos Reutemann ","Brabham Ford","14","1:41:14.100"
"265","  Austria  ","17 Aug 1975",1975," Vittorio Brambilla ","March Ford","29","57:56.690"
"266","  Italy  ","07 Sep 1975",1975," Clay Regazzoni ","Ferrari","52","1:22:42.600"
"267","  United States   ","05 Oct 1975",1975," Niki Lauda ","Ferrari","59","1:42:58.175"
"268","  Brazil  ","25 Jan 1976",1976," Niki Lauda ","Ferrari","40","1:45:16.780"
"269","  South Africa  ","06 Mar 1976",1976," Niki Lauda ","Ferrari","78","1:42:18.400"
"270","  USA West   ","28 Mar 1976",1976," Clay Regazzoni ","Ferrari","80","1:53:18.471"
"271","  Spain  ","02 May 1976",1976," James Hunt ","McLaren Ford","75","1:42:20.430"
"272","  Belgium  ","16 May 1976",1976," Niki Lauda ","Ferrari","70","1:42:53.230"
"273","  Monaco  ","30 May 1976",1976," Niki Lauda ","Ferrari","78","1:59:51.470"
"274","  Sweden  ","13 Jun 1976",1976," Jody Scheckter ","Tyrrell Ford","72","1:46:53.729"
"275","  France  ","04 Jul 1976",1976," James Hunt ","McLaren Ford","54","1:40:58.600"
"276","  Great Britain  ","18 Jul 1976",1976," Niki Lauda ","Ferrari","76","1:44:19.660"
"277","  Germany  ","01 Aug 1976",1976," James Hunt ","McLaren Ford","14","1:41:42.700"
"278","  Austria  ","15 Aug 1976",1976," John Watson ","Penske Ford","54","1:30:07.860"
"279","  Netherlands  ","29 Aug 1976",1976," James Hunt ","McLaren Ford","75","1:44:52.090"
"280","  Italy  ","12 Sep 1976",1976," Ronnie Peterson ","March Ford","52","1:30:35.600"
"281","  Canada  ","03 Oct 1976",1976," James Hunt ","McLaren Ford","80","1:40:09.626"
"282","  USA East   ","10 Oct 1976",1976," James Hunt ","McLaren Ford","59","1:42:40.741"
"283","  Japan  ","24 Oct 1976",1976," Mario Andretti ","Lotus Ford","73","1:43:58.860"
"284","  Argentina  ","09 Jan 1977",1977," Jody Scheckter ","Wolf Ford","53","1:40:11.190"
"285","  Brazil  ","23 Jan 1977",1977," Carlos Reutemann ","Ferrari","40","1:45:07.720"
"286","  South Africa  ","05 Mar 1977",1977," Niki Lauda ","Ferrari","78","1:42:21.600"
"287","  USA West   ","03 Apr 1977",1977," Mario Andretti ","Lotus Ford","80","1:51:35.470"
"288","  Spain  ","08 May 1977",1977," Mario Andretti ","Lotus Ford","75","1:42:52.220"
"289","  Monaco  ","22 May 1977",1977," Jody Scheckter ","Wolf Ford","76","1:57:52.770"
"290","  Belgium  ","05 Jun 1977",1977," Gunnar Nilsson ","Lotus Ford","70","1:55:05.710"
"291","  Sweden  ","19 Jun 1977",1977," Jacques Laffite ","Ligier Matra","72","1:46:55.520"
"292","  France  ","03 Jul 1977",1977," Mario Andretti ","Lotus Ford","80","1:39:40.130"
"293","  Great Britain  ","16 Jul 1977",1977," James Hunt ","McLaren Ford","68","1:31:46.060"
"294","  Germany  ","31 Jul 1977",1977," Niki Lauda ","Ferrari","47","1:31:48.620"
"295","  Austria  ","14 Aug 1977",1977," Alan  Jones ","Shadow Ford","54","1:37:16.490"
"296","  Netherlands  ","28 Aug 1977",1977," Niki Lauda ","Ferrari","75","1:41:45.930"
"297","  Italy  ","11 Sep 1977",1977," Mario Andretti ","Lotus Ford","52","1:27:50.300"
"298","  USA East   ","02 Oct 1977",1977," James Hunt ","McLaren Ford","59","1:58:23.267"
"299","  Canada  ","09 Oct 1977",1977," Jody Scheckter ","Wolf Ford","80","1:40:00.000"
"300","  Japan  ","23 Oct 1977",1977," James Hunt ","McLaren Ford","73","1:31:51.680"
"301","  Argentina  ","15 Jan 1978",1978," Mario Andretti ","Lotus Ford","52","1:37:04.470"
"302","  Brazil  ","29 Jan 1978",1978," Carlos Reutemann ","Ferrari","63","1:49:59.860"
"303","  South Africa  ","04 Mar 1978",1978," Ronnie Peterson ","Lotus Ford","78","1:42:15.767"
"304","  USA West   ","02 Apr 1978",1978," Carlos Reutemann ","Ferrari","80","1:52:01.301"
"305","  Monaco  ","07 May 1978",1978," Patrick Depailler ","Tyrrell Ford","75","1:55:14.660"
"306","  Belgium  ","21 May 1978",1978," Mario Andretti ","Lotus Ford","70","1:39:52.020"
"307","  Spain  ","04 Jun 1978",1978," Mario Andretti ","Lotus Ford","75","1:41:47.060"
"308","  Sweden  ","17 Jun 1978",1978," Niki Lauda ","Brabham Alfa Romeo","70","1:41:00.606"
"309","  France  ","02 Jul 1978",1978," Mario Andretti ","Lotus Ford","54","1:38:51.920"
"310","  Great Britain  ","16 Jul 1978",1978," Carlos Reutemann ","Ferrari","76","1:42:12.390"
"311","  Germany  ","30 Jul 1978",1978," Mario Andretti ","Lotus Ford","45","1:28:00.900"
"312","  Austria  ","13 Aug 1978",1978," Ronnie Peterson ","Lotus Ford","54","1:41:21.570"
"313","  Netherlands  ","27 Aug 1978",1978," Mario Andretti ","Lotus Ford","75","1:41:04.230"
"314","  Italy  ","10 Sep 1978",1978," Niki Lauda ","Brabham Alfa Romeo","40","1:07:04.540"
"315","  USA East   ","01 Oct 1978",1978," Carlos Reutemann ","Ferrari","59","1:40:48.800"
"316","  Canada  ","08 Oct 1978",1978," Gilles Villeneuve ","Ferrari","70","1:57:49.196"
"317","  Argentina  ","21 Jan 1979",1979," Jacques Laffite ","Ligier Ford","53","1:36:03.210"
"318","  Brazil  ","04 Feb 1979",1979," Jacques Laffite ","Ligier Ford","40","1:40:09.640"
"319","  South Africa  ","03 Mar 1979",1979," Gilles Villeneuve ","Ferrari","78","1:41:49.960"
"320","  USA West   ","08 Apr 1979",1979," Gilles Villeneuve ","Ferrari","80","1:50:25.400"
"321","  Spain  ","29 Apr 1979",1979," Patrick Depailler ","Ligier Ford","75","1:39:11.840"
"322","  Belgium  ","13 May 1979",1979," Jody Scheckter ","Ferrari","70","1:39:59.530"
"323","  Monaco  ","27 May 1979",1979," Jody Scheckter ","Ferrari","76","1:55:22.480"
"324","  France  ","01 Jul 1979",1979," Jean-Pierre Jabouille ","Renault","80","1:35:20.420"
"325","  Great Britain  ","14 Jul 1979",1979," Clay Regazzoni ","Williams Ford","68","1:26:11.170"
"326","  Germany  ","29 Jul 1979",1979," Alan  Jones ","Williams Ford","45","1:24:48.830"
"327","  Austria  ","12 Aug 1979",1979," Alan  Jones ","Williams Ford","54","1:27:38.010"
"328","  Netherlands  ","26 Aug 1979",1979," Alan  Jones ","Williams Ford","75","1:41:19.775"
"329","  Italy  ","09 Sep 1979",1979," Jody Scheckter ","Ferrari","50","1:22:00.220"
"330","  Canada  ","30 Sep 1979",1979," Alan  Jones ","Williams Ford","72","1:52:06.892"
"331","  USA East   ","07 Oct 1979",1979," Gilles Villeneuve ","Ferrari","59","1:52:17.734"
"332","  Argentina  ","13 Jan 1980",1980," Alan  Jones ","Williams Ford","53","1:43:24.380"
"333","  Brazil  ","27 Jan 1980",1980," Rene Arnoux ","Renault","40","1:40:01.330"
"334","  South Africa  ","01 Mar 1980",1980," Rene Arnoux ","Renault","78","1:36:52.540"
"335","  USA West   ","30 Mar 1980",1980," Nelson Piquet ","Brabham Ford","80","1:50:18.550"
"336","  Belgium  ","04 May 1980",1980," Didier Pironi ","Ligier Ford","72","1:38:46.510"
"337","  Monaco  ","18 May 1980",1980," Carlos Reutemann ","Williams Ford","76","1:55:34.365"
"338","  France  ","29 Jun 1980",1980," Alan  Jones ","Williams Ford","54","1:32:43.420"
"339","  Great Britain  ","13 Jul 1980",1980," Alan  Jones ","Williams Ford","76","1:34:49.228"
"340","  Germany  ","10 Aug 1980",1980," Jacques Laffite ","Ligier Ford","45","1:22:59.730"
"341","  Austria  ","17 Aug 1980",1980," Jean-Pierre Jabouille ","Renault","54","1:26:15.730"
"342","  Netherlands  ","31 Aug 1980",1980," Nelson Piquet ","Brabham Ford","72","1:38:13.830"
"343","  Italy  ","14 Sep 1980",1980," Nelson Piquet ","Brabham Ford","60","1:38:07.520"
"344","  Canada  ","28 Sep 1980",1980," Alan  Jones ","Williams Ford","70","1:46:45.530"
"345","  USA East   ","05 Oct 1980",1980," Alan  Jones ","Williams Ford","59","1:34:36.050"
"346","  USA West   ","15 Mar 1981",1981," Alan  Jones ","Williams Ford","80","1:50:41.330"
"347","  Brazil  ","29 Mar 1981",1981," Carlos Reutemann ","Williams Ford","62","2:00:23.660"
"348","  Argentina  ","12 Apr 1981",1981," Nelson Piquet ","Brabham Ford","53","1:34:32.740"
"349","  San Marino  ","03 May 1981",1981," Nelson Piquet ","Brabham Ford","60","1:51:23.970"
"350","  Belgium  ","17 May 1981",1981," Carlos Reutemann ","Williams Ford","54","1:16:31.610"
"351","  Monaco  ","31 May 1981",1981," Gilles Villeneuve ","Ferrari","76","1:54:23.380"
"352","  Spain  ","21 Jun 1981",1981," Gilles Villeneuve ","Ferrari","80","1:46:35.010"
"353","  France  ","05 Jul 1981",1981," Alain Prost ","Renault","80","1:35:48.130"
"354","  Great Britain  ","18 Jul 1981",1981," John Watson ","McLaren Ford","68","1:26:54.800"
"355","  Germany  ","02 Aug 1981",1981," Nelson Piquet ","Brabham Ford","45","1:25:55.600"
"356","  Austria  ","16 Aug 1981",1981," Jacques Laffite ","Ligier Matra","53","1:27:36.470"
"357","  Netherlands  ","30 Aug 1981",1981," Alain Prost ","Renault","72","1:40:22.430"
"358","  Italy  ","13 Sep 1981",1981," Alain Prost ","Renault","52","1:26:33.897"
"359","  Canada  ","27 Sep 1981",1981," Jacques Laffite ","Ligier Matra","63","2:01:25.205"
"360","  Las Vegas   ","17 Oct 1981",1981," Alan  Jones ","Williams Ford","75","1:44:09.077"
"361","  South Africa  ","23 Jan 1982",1982," Alain Prost ","Renault","77","1:32:08.401"
"362","  Brazil  ","21 Mar 1982",1982," Alain Prost ","Renault","63","1:44:33.134"
"363","  USA West   ","04 Apr 1982",1982," Niki Lauda ","McLaren Ford","75","1:58:25.318"
"364","  San Marino  ","25 Apr 1982",1982," Didier Pironi ","Ferrari","60","1:36:38.887"
"365","  Belgium  ","09 May 1982",1982," John Watson ","McLaren Ford","70","1:35:41.995"
"366","  Monaco  ","23 May 1982",1982," Riccardo Patrese ","Brabham Ford","76","1:54:11.259"
"367","  Detroit  ","06 Jun 1982",1982," John Watson ","McLaren Ford","62","1:58:41.043"
"368","  Canada  ","13 Jun 1982",1982," Nelson Piquet ","Brabham BMW","70","1:46:39.577"
"369","  Netherlands  ","03 Jul 1982",1982," Didier Pironi ","Ferrari","72","1:38:03.254"
"370","  Great Britain  ","18 Jul 1982",1982," Niki Lauda ","McLaren Ford","76","1:35:33.812"
"371","  France  ","25 Jul 1982",1982," Rene Arnoux ","Renault","54","1:33:33.217"
"372","  Germany  ","08 Aug 1982",1982," Patrick Tambay ","Ferrari","45","1:27:25.178"
"373","  Austria  ","15 Aug 1982",1982," Elio de Angelis ","Lotus Ford","53","1:25:02.212"
"374","  Switzerland  ","29 Aug 1982",1982," Keke Rosberg ","Williams Ford","80","1:32:41.087"
"375","  Italy  ","12 Sep 1982",1982," Rene Arnoux ","Renault","52","1:22:25.734"
"376","  Las Vegas   ","25 Sep 1982",1982," Michele Alboreto ","Tyrrell Ford","75","1:41:56.888"
"377","  Brazil  ","13 Mar 1983",1983," Nelson Piquet ","Brabham BMW","63","1:48:27.731"
"378","  USA West   ","27 Mar 1983",1983," John Watson ","McLaren Ford","75","1:53:34.889"
"379","  France  ","17 Apr 1983",1983," Alain Prost ","Renault","54","1:34:13.913"
"380","  San Marino  ","01 May 1983",1983," Patrick Tambay ","Ferrari","60","1:37:52.460"
"381","  Monaco  ","15 May 1983",1983," Keke Rosberg ","Williams Ford","76","1:56:38.121"
"382","  Belgium  ","22 May 1983",1983," Alain Prost ","Renault","40","1:27:11.502"
"383","  Detroit  ","05 Jun 1983",1983," Michele Alboreto ","Tyrrell Ford","60","1:50:53.669"
"384","  Canada  ","12 Jun 1983",1983," Rene Arnoux ","Ferrari","70","1:48:31.838"
"385","  Great Britain  ","16 Jul 1983",1983," Alain Prost ","Renault","67","1:24:39.780"
"386","  Germany  ","07 Aug 1983",1983," Rene Arnoux ","Ferrari","45","1:27:10.319"
"387","  Austria  ","14 Aug 1983",1983," Alain Prost ","Renault","53","1:24:32.745"
"388","  Netherlands  ","28 Aug 1983",1983," Rene Arnoux ","Ferrari","72","1:38:41.950"
"389","  Italy  ","11 Sep 1983",1983," Nelson Piquet ","Brabham BMW","52","1:23:10.880"
"390","  Europe  ","25 Sep 1983",1983," Nelson Piquet ","Brabham BMW","76","1:36:45.865"
"391","  South Africa  ","15 Oct 1983",1983," Riccardo Patrese ","Brabham BMW","77","1:33:25.708"
"392","  Brazil  ","25 Mar 1984",1984," Alain Prost ","McLaren TAG","61","1:42:34.492"
"393","  South Africa  ","07 Apr 1984",1984," Niki Lauda ","McLaren TAG","75","1:29:23.430"
"394","  Belgium  ","29 Apr 1984",1984," Michele Alboreto ","Ferrari","70","1:36:32.048"
"395","  San Marino  ","06 May 1984",1984," Alain Prost ","McLaren TAG","60","1:36:53.679"
"396","  France  ","20 May 1984",1984," Niki Lauda ","McLaren TAG","79","1:31:11.951"
"397","  Monaco  ","03 Jun 1984",1984," Alain Prost ","McLaren TAG","31","1:01:07.740"
"398","  Canada  ","17 Jun 1984",1984," Nelson Piquet ","Brabham BMW","70","1:46:23.748"
"399","  Detroit   ","24 Jun 1984",1984," Nelson Piquet ","Brabham BMW","63","1:55:41.842"
"400","  Dallas   ","08 Jul 1984",1984," Keke Rosberg ","Williams Honda","67","2:01:22.617"
"401","  Great Britain  ","22 Jul 1984",1984," Niki Lauda ","McLaren TAG","71","1:29:28.532"
"402","  Germany  ","05 Aug 1984",1984," Alain Prost ","McLaren TAG","44","1:24:43.210"
"403","  Austria  ","19 Aug 1984",1984," Niki Lauda ","McLaren TAG","51","1:21:12.851"
"404","  Netherlands  ","26 Aug 1984",1984," Alain Prost ","McLaren TAG","71","1:37:21.468"
"405","  Italy  ","09 Sep 1984",1984," Niki Lauda ","McLaren TAG","51","1:20:29.065"
"406","  Europe  ","07 Oct 1984",1984," Alain Prost ","McLaren TAG","67","1:35:13.284"
"407","  Portugal  ","21 Oct 1984",1984," Alain Prost ","McLaren TAG","70","1:41:11.753"
"408","  Brazil  ","07 Apr 1985",1985," Alain Prost ","McLaren TAG","61","1:41:26.115"
"409","  Portugal  ","21 Apr 1985",1985," Ayrton Senna ","Lotus Renault","67","2:00:28.006"
"410","  San Marino  ","05 May 1985",1985," Elio de Angelis ","Lotus Renault","60","1:34:35.955"
"411","  Monaco  ","19 May 1985",1985," Alain Prost ","McLaren TAG","78","1:51:58.034"
"412","  Canada  ","16 Jun 1985",1985," Michele Alboreto ","Ferrari","70","1:46:01.813"
"413","  Detroit  ","23 Jun 1985",1985," Keke Rosberg ","Williams Honda","63","1:55:39.851"
"414","  France  ","07 Jul 1985",1985," Nelson Piquet ","Brabham BMW","53","1:31:46.266"
"415","  Great Britain  ","21 Jul 1985",1985," Alain Prost ","McLaren TAG","65","1:18:10.436"
"416","  Germany  ","04 Aug 1985",1985," Michele Alboreto ","Ferrari","67","1:35:31.337"
"417","  Austria  ","18 Aug 1985",1985," Alain Prost ","McLaren TAG","52","1:20:12.583"
"418","  Netherlands  ","25 Aug 1985",1985," Niki Lauda ","McLaren TAG","70","1:32:29.263"
"419","  Italy  ","08 Sep 1985",1985," Alain Prost ","McLaren TAG","51","1:17:59.451"
"420","  Belgium  ","15 Sep 1985",1985," Ayrton Senna ","Lotus Renault","43","1:34:19.893"
"421","  Europe  ","06 Oct 1985",1985," Nigel Mansell ","Williams Honda","75","1:32:58.109"
"422","  South Africa  ","19 Oct 1985",1985," Nigel Mansell ","Williams Honda","75","1:28:22.866"
"423","  Australia  ","03 Nov 1985",1985," Keke Rosberg ","Williams Honda","82","2:00:40.473"
"424","  Brazil  ","23 Mar 1986",1986," Nelson Piquet ","Williams Honda","61","1:39:32.583"
"425","  Spain  ","13 Apr 1986",1986," Ayrton Senna ","Lotus Renault","72","1:48:47.735"
"426","  San Marino  ","27 Apr 1986",1986," Alain Prost ","McLaren TAG","60","1:32:28.408"
"427","  Monaco  ","11 May 1986",1986," Alain Prost ","McLaren TAG","78","1:55:41.060"
"428","  Belgium  ","25 May 1986",1986," Nigel Mansell ","Williams Honda","43","1:27:57.925"
"429","  Canada  ","15 Jun 1986",1986," Nigel Mansell ","Williams Honda","69","1:42:26.415"
"430","  Detroit  ","22 Jun 1986",1986," Ayrton Senna ","Lotus Renault","63","1:51:12.847"
"431","  France  ","06 Jul 1986",1986," Nigel Mansell ","Williams Honda","80","1:37:19.272"
"432","  Great Britain  ","13 Jul 1986",1986," Nigel Mansell ","Williams Honda","75","1:30:38.471"
"433","  Germany  ","27 Jul 1986",1986," Nelson Piquet ","Williams Honda","44","1:22:08.263"
"434","  Hungary  ","10 Aug 1986",1986," Nelson Piquet ","Williams Honda","76","2:00:34.508"
"435","  Austria  ","17 Aug 1986",1986," Alain Prost ","McLaren TAG","52","1:21:22.531"
"436","  Italy  ","07 Sep 1986",1986," Nelson Piquet ","Williams Honda","51","1:17:42.889"
"437","  Portugal  ","21 Sep 1986",1986," Nigel Mansell ","Williams Honda","70","1:37:21.900"
"438","  Mexico  ","12 Oct 1986",1986," Gerhard Berger ","Benetton BMW","68","1:33:18.700"
"439","  Australia  ","26 Oct 1986",1986," Alain Prost ","McLaren TAG","82","1:54:20.388"
"440","  Brazil  ","12 Apr 1987",1987," Alain Prost ","McLaren TAG","61","1:39:45.141"
"441","  San Marino  ","03 May 1987",1987," Nigel Mansell ","Williams Honda","59","1:31:24.076"
"442","  Belgium  ","17 May 1987",1987," Alain Prost ","McLaren TAG","43","1:27:03.217"
"443","  Monaco  ","31 May 1987",1987," Ayrton Senna ","Lotus Honda","78","1:57:54.085"
"444","  Detroit  ","21 Jun 1987",1987," Ayrton Senna ","Lotus Honda","63","1:50:16.358"
"445","  France  ","05 Jul 1987",1987," Nigel Mansell ","Williams Honda","80","1:37:03.839"
"446","  Great Britain  ","12 Jul 1987",1987," Nigel Mansell ","Williams Honda","65","1:19:11.780"
"447","  Germany  ","26 Jul 1987",1987," Nelson Piquet ","Williams Honda","44","1:21:25.091"
"448","  Hungary  ","09 Aug 1987",1987," Nelson Piquet ","Williams Honda","76","1:59:26.793"
"449","  Austria  ","16 Aug 1987",1987," Nigel Mansell ","Williams Honda","52","1:18:44.898"
"450","  Italy  ","06 Sep 1987",1987," Nelson Piquet ","Williams Honda","50","1:14:47.707"
"451","  Portugal  ","20 Sep 1987",1987," Alain Prost ","McLaren TAG","70","1:37:03.906"
"452","  Spain  ","27 Sep 1987",1987," Nigel Mansell ","Williams Honda","72","1:49:12.692"
"453","  Mexico  ","18 Oct 1987",1987," Nigel Mansell ","Williams Honda","63","1:26:24.207"
"454","  Japan  ","01 Nov 1987",1987," Gerhard Berger ","Ferrari","51","1:32:58.072"
"455","  Australia  ","15 Nov 1987",1987," Gerhard Berger ","Ferrari","82","1:52:56.144"
"456","  Brazil  ","03 Apr 1988",1988," Alain Prost ","McLaren Honda","60","1:36:06.857"
"457","  San Marino  ","01 May 1988",1988," Ayrton Senna ","McLaren Honda","60","1:32:41.264"
"458","  Monaco  ","15 May 1988",1988," Alain Prost ","McLaren Honda","78","1:57:17.077"
"459","  Mexico  ","29 May 1988",1988," Alain Prost ","McLaren Honda","67","1:30:15.737"
"460","  Canada  ","12 Jun 1988",1988," Ayrton Senna ","McLaren Honda","69","1:39:46.618"
"461","  Detroit  ","19 Jun 1988",1988," Ayrton Senna ","McLaren Honda","63","1:54:56.035"
"462","  France  ","03 Jul 1988",1988," Alain Prost ","McLaren Honda","80","1:37:37.328"
"463","  Great Britain  ","10 Jul 1988",1988," Ayrton Senna ","McLaren Honda","65","1:33:16.367"
"464","  Germany  ","24 Jul 1988",1988," Ayrton Senna ","McLaren Honda","44","1:32:54.188"
"465","  Hungary  ","07 Aug 1988",1988," Ayrton Senna ","McLaren Honda","76","1:57:47.081"
"466","  Belgium  ","28 Aug 1988",1988," Ayrton Senna ","McLaren Honda","43","1:28:00.549"
"467","  Italy  ","11 Sep 1988",1988," Gerhard Berger ","Ferrari","51","1:17:39.744"
"468","  Portugal  ","25 Sep 1988",1988," Alain Prost ","McLaren Honda","70","1:37:40.958"
"469","  Spain  ","02 Oct 1988",1988," Alain Prost ","McLaren Honda","72","1:48:43.851"
"470","  Japan  ","30 Oct 1988",1988," Ayrton Senna ","McLaren Honda","51","1:33:26.173"
"471","  Australia  ","13 Nov 1988",1988," Alain Prost ","McLaren Honda","82","1:53:14.676"
"472","  Brazil  ","26 Mar 1989",1989," Nigel Mansell ","Ferrari","61","1:38:58.744"
"473","  San Marino  ","23 Apr 1989",1989," Ayrton Senna ","McLaren Honda","58","1:26:51.245"
"474","  Monaco  ","07 May 1989",1989," Ayrton Senna ","McLaren Honda","77","1:53:33.251"
"475","  Mexico  ","28 May 1989",1989," Ayrton Senna ","McLaren Honda","69","1:35:21.431"
"476","  United States   ","04 Jun 1989",1989," Alain Prost ","McLaren Honda","75","2:01:33.133"
"477","  Canada  ","18 Jun 1989",1989," Thierry Boutsen ","Williams Renault","69","2:01:24.073"
"478","  France  ","09 Jul 1989",1989," Alain Prost ","McLaren Honda","80","1:38:29.411"
"479","  Great Britain  ","16 Jul 1989",1989," Alain Prost ","McLaren Honda","64","1:19:22.131"
"480","  Germany  ","30 Jul 1989",1989," Ayrton Senna ","McLaren Honda","45","1:21:43.302"
"481","  Hungary  ","13 Aug 1989",1989," Nigel Mansell ","Ferrari","77","1:49:38.650"
"482","  Belgium  ","27 Aug 1989",1989," Ayrton Senna ","McLaren Honda","44","1:40:54.196"
"483","  Italy  ","10 Sep 1989",1989," Alain Prost ","McLaren Honda","53","1:19:27.550"
"484","  Portugal  ","24 Sep 1989",1989," Gerhard Berger ","Ferrari","71","1:36:48.546"
"485","  Spain  ","01 Oct 1989",1989," Ayrton Senna ","McLaren Honda","72","1:47:48.264"
"486","  Japan  ","22 Oct 1989",1989," Alessandro Nannini ","Benetton Ford","53","1:35:06.277"
"487","  Australia  ","05 Nov 1989",1989," Thierry Boutsen ","Williams Renault","70","2:00:17.421"
"488","  United States  ","11 Mar 1990",1990," Ayrton Senna ","McLaren Honda","72","1:52:32.829"
"489","  Brazil  ","25 Mar 1990",1990," Alain Prost ","Ferrari","71","1:37:21.258"
"490","  San Marino  ","13 May 1990",1990," Riccardo Patrese ","Williams Renault","61","1:30:55.478"
"491","  Monaco  ","27 May 1990",1990," Ayrton Senna ","McLaren Honda","78","1:52:46.982"
"492","  Canada  ","10 Jun 1990",1990," Ayrton Senna ","McLaren Honda","70","1:42:56.400"
"493","  Mexico  ","24 Jun 1990",1990," Alain Prost ","Ferrari","69","1:32:35.783"
"494","  France  ","08 Jul 1990",1990," Alain Prost ","Ferrari","80","1:33:29.606"
"495","  Great Britain  ","15 Jul 1990",1990," Alain Prost ","Ferrari","64","1:18:30.999"
"496","  Germany  ","29 Jul 1990",1990," Ayrton Senna ","McLaren Honda","45","1:20:47.164"
"497","  Hungary  ","12 Aug 1990",1990," Thierry Boutsen ","Williams Renault","77","1:49:30.597"
"498","  Belgium  ","26 Aug 1990",1990," Ayrton Senna ","McLaren Honda","44","1:26:31.997"
"499","  Italy  ","09 Sep 1990",1990," Ayrton Senna ","McLaren Honda","53","1:17:57.878"
"500","  Portugal  ","23 Sep 1990",1990," Nigel Mansell ","Ferrari","61","1:22:11.014"
"501","  Spain  ","30 Sep 1990",1990," Alain Prost ","Ferrari","73","1:48:01.461"
"502","  Japan  ","21 Oct 1990",1990," Nelson Piquet ","Benetton Ford","53","1:34:36.824"
"503","  Australia  ","04 Nov 1990",1990," Nelson Piquet ","Benetton Ford","81","1:49:44.570"
"504","  United States   ","10 Mar 1991",1991," Ayrton Senna ","McLaren Honda","81","2:00:47.828"
"505","  Brazil  ","24 Mar 1991",1991," Ayrton Senna ","McLaren Honda","71","1:38:28.128"
"506","  San Marino  ","28 Apr 1991",1991," Ayrton Senna ","McLaren Honda","61","1:35:14.750"
"507","  Monaco  ","12 May 1991",1991," Ayrton Senna ","McLaren Honda","78","1:53:02.334"
"508","  Canada  ","02 Jun 1991",1991," Nelson Piquet ","Benetton Ford","69","1:38:51.490"
"509","  Mexico  ","16 Jun 1991",1991," Riccardo Patrese ","Williams Renault","67","1:29:52.205"
"510","  France  ","07 Jul 1991",1991," Nigel Mansell ","Williams Renault","72","1:38:00.056"
"511","  Great Britain  ","14 Jul 1991",1991," Nigel Mansell ","Williams Renault","59","1:27:35.479"
"512","  Germany  ","28 Jul 1991",1991," Nigel Mansell ","Williams Renault","45","1:19:29.661"
"513","  Hungary  ","11 Aug 1991",1991," Ayrton Senna ","McLaren Honda","77","1:49:12.796"
"514","  Belgium  ","25 Aug 1991",1991," Ayrton Senna ","McLaren Honda","44","1:27:17.669"
"515","  Italy  ","08 Sep 1991",1991," Nigel Mansell ","Williams Renault","53","1:17:54.319"
"516","  Portugal  ","22 Sep 1991",1991," Riccardo Patrese ","Williams Renault","71","1:35:42.304"
"517","  Spain  ","29 Sep 1991",1991," Nigel Mansell ","Williams Renault","65","1:38:41.541"
"518","  Japan  ","20 Oct 1991",1991," Gerhard Berger ","McLaren Honda","53","1:32:10.695"
"519","  Australia  ","03 Nov 1991",1991," Ayrton Senna ","McLaren Honda","14","24:34.899"
"520","  South Africa  ","01 Mar 1992",1992," Nigel Mansell ","Williams Renault","72","1:36:45.320"
"521","  Mexico  ","22 Mar 1992",1992," Nigel Mansell ","Williams Renault","69","1:31:53.587"
"522","  Brazil  ","05 Apr 1992",1992," Nigel Mansell ","Williams Renault","71","1:36:51.856"
"523","  Spain  ","03 May 1992",1992," Nigel Mansell ","Williams Renault","65","1:56:10.674"
"524","  San Marino  ","17 May 1992",1992," Nigel Mansell ","Williams Renault","60","1:28:40.927"
"525","  Monaco  ","31 May 1992",1992," Ayrton Senna ","McLaren Honda","78","1:50:59.372"
"526","  Canada  ","14 Jun 1992",1992," Gerhard Berger ","McLaren Honda","69","1:37:08.299"
"527","  France  ","05 Jul 1992",1992," Nigel Mansell ","Williams Renault","69","1:38:08.459"
"528","  Great Britain  ","12 Jul 1992",1992," Nigel Mansell ","Williams Renault","59","1:25:42.991"
"529","  Germany  ","26 Jul 1992",1992," Nigel Mansell ","Williams Renault","45","1:18:22.032"
"530","  Hungary  ","16 Aug 1992",1992," Ayrton Senna ","McLaren Honda","77","1:46:19.216"
"531","  Belgium  ","30 Aug 1992",1992," Michael Schumacher ","Benetton Ford","44","1:36:10.721"
"532","  Italy  ","13 Sep 1992",1992," Ayrton Senna ","McLaren Honda","53","1:18:15.349"
"533","  Portugal  ","27 Sep 1992",1992," Nigel Mansell ","Williams Renault","71","1:34:46.659"
"534","  Japan  ","25 Oct 1992",1992," Riccardo Patrese ","Williams Renault","53","1:33:09.553"
"535","  Australia  ","08 Nov 1992",1992," Gerhard Berger ","McLaren Honda","82","1:46:54.786"
"536","  South Africa  ","14 Mar 1993",1993," Alain Prost ","Williams Renault","72","1:38:45.082"
"537","  Brazil  ","28 Mar 1993",1993," Ayrton Senna ","McLaren Ford","71","1:51:15.485"
"538","  Europe  ","11 Apr 1993",1993," Ayrton Senna ","McLaren Ford","76","1:50:46.570"
"539","  San Marino  ","25 Apr 1993",1993," Alain Prost ","Williams Renault","61","1:33:20.413"
"540","  Spain  ","09 May 1993",1993," Alain Prost ","Williams Renault","65","1:32:27.685"
"541","  Monaco  ","23 May 1993",1993," Ayrton Senna ","McLaren Ford","78","1:52:10.947"
"542","  Canada  ","13 Jun 1993",1993," Alain Prost ","Williams Renault","69","1:36:41.822"
"543","  France  ","04 Jul 1993",1993," Alain Prost ","Williams Renault","72","1:38:35.241"
"544","  Great Britain  ","11 Jul 1993",1993," Alain Prost ","Williams Renault","59","1:25:38.189"
"545","  Germany  ","25 Jul 1993",1993," Alain Prost ","Williams Renault","45","1:18:40.885"
"546","  Hungary  ","15 Aug 1993",1993," Damon Hill ","Williams Renault","77","1:47:39.098"
"547","  Belgium  ","29 Aug 1993",1993," Damon Hill ","Williams Renault","44","1:24:32.124"
"548","  Italy  ","12 Sep 1993",1993," Damon Hill ","Williams Renault","53","1:17:07.509"
"549","  Portugal  ","26 Sep 1993",1993," Michael Schumacher ","Benetton Ford","71","1:32:46.309"
"550","  Japan  ","24 Oct 1993",1993," Ayrton Senna ","McLaren Ford","53","1:40:27.912"
"551","  Australia  ","07 Nov 1993",1993," Ayrton Senna ","McLaren Ford","79","1:43:27.476"
"552","  Brazil  ","27 Mar 1994",1994," Michael Schumacher ","Benetton Ford","71","1:35:38.759"
"553","  Pacific  ","17 Apr 1994",1994," Michael Schumacher ","Benetton Ford","83","1:46:01.693"
"554","  San Marino  ","01 May 1994",1994," Michael Schumacher ","Benetton Ford","58","1:28:28.642"
"555","  Monaco  ","15 May 1994",1994," Michael Schumacher ","Benetton Ford","78","1:49:55.372"
"556","  Spain  ","29 May 1994",1994," Damon Hill ","Williams Renault","65","1:36:14.374"
"557","  Canada  ","12 Jun 1994",1994," Michael Schumacher ","Benetton Ford","69","1:44:31.887"
"558","  France  ","03 Jul 1994",1994," Michael Schumacher ","Benetton Ford","72","1:38:35.704"
"559","  Great Britain  ","10 Jul 1994",1994," Damon Hill ","Williams Renault","60","1:30:03.640"
"560","  Germany  ","31 Jul 1994",1994," Gerhard Berger ","Ferrari","45","1:22:37.272"
"561","  Hungary  ","14 Aug 1994",1994," Michael Schumacher ","Benetton Ford","77","1:48:00.185"
"562","  Belgium  ","28 Aug 1994",1994," Damon Hill ","Williams Renault","44","1:28:47.170"
"563","  Italy  ","11 Sep 1994",1994," Damon Hill ","Williams Renault","53","1:18:02.754"
"564","  Portugal  ","25 Sep 1994",1994," Damon Hill ","Williams Renault","71","1:41:10.165"
"565","  Europe  ","16 Oct 1994",1994," Michael Schumacher ","Benetton Ford","69","1:40:26.689"
"566","  Japan  ","06 Nov 1994",1994," Damon Hill ","Williams Renault","50","1:55:53.532"
"567","  Australia  ","13 Nov 1994",1994," Nigel Mansell ","Williams Renault","81","1:47:51.480"
"568","  Brazil  ","26 Mar 1995",1995," Michael Schumacher ","Benetton Renault","71","1:38:34.154"
"569","  Argentina  ","09 Apr 1995",1995," Damon Hill ","Williams Renault","71","1:51:39.531"
"570","  San Marino  ","30 Apr 1995",1995," Damon Hill ","Williams Renault","63","1:41:42.552"
"571","  Spain  ","14 May 1995",1995," Michael Schumacher ","Benetton Renault","65","1:34:20.507"
"572","  Monaco  ","28 May 1995",1995," Michael Schumacher ","Benetton Renault","78","1:53:11.258"
"573","  Canada  ","11 Jun 1995",1995," Jean Alesi ","Ferrari","69","1:46:31.333"
"574","  France  ","02 Jul 1995",1995," Michael Schumacher ","Benetton Renault","72","1:38:28.429"
"575","  Great Britain  ","16 Jul 1995",1995," Johnny Herbert ","Benetton Renault","61","1:34:35.093"
"576","  Germany  ","30 Jul 1995",1995," Michael Schumacher ","Benetton Renault","45","1:22:56.043"
"577","  Hungary  ","13 Aug 1995",1995," Damon Hill ","Williams Renault","77","1:46:25.721"
"578","  Belgium  ","27 Aug 1995",1995," Michael Schumacher ","Benetton Renault","44","1:36:47.875"
"579","  Italy  ","10 Sep 1995",1995," Johnny Herbert ","Benetton Renault","53","1:18:27.916"
"580","  Portugal  ","24 Sep 1995",1995," David Coulthard ","Williams Renault","71","1:41:52.145"
"581","  Europe  ","01 Oct 1995",1995," Michael Schumacher ","Benetton Renault","67","1:39:59.044"
"582","  Pacific  ","22 Oct 1995",1995," Michael Schumacher ","Benetton Renault","83","1:48:49.972"
"583","  Japan  ","29 Oct 1995",1995," Michael Schumacher ","Benetton Renault","53","1:36:52.930"
"584","  Australia  ","12 Nov 1995",1995," Damon Hill ","Williams Renault","81","1:49:15.946"
"585","  Australia  ","10 Mar 1996",1996," Damon Hill ","Williams Renault","58","1:32:50.491"
"586","  Brazil  ","31 Mar 1996",1996," Damon Hill ","Williams Renault","71","1:49:52.976"
"587","  Argentina  ","07 Apr 1996",1996," Damon Hill ","Williams Renault","72","1:54:55.322"
"588","  Europe  ","28 Apr 1996",1996," Jacques Villeneuve ","Williams Renault","67","1:33:26.473"
"589","  San Marino  ","05 May 1996",1996," Damon Hill ","Williams Renault","63","1:35:26.156"
"590","  Monaco  ","19 May 1996",1996," Olivier Panis ","Ligier Mugen Honda","75","2:00:45.629"
"591","  Spain  ","02 Jun 1996",1996," Michael Schumacher ","Ferrari","65","1:59:49.307"
"592","  Canada  ","16 Jun 1996",1996," Damon Hill ","Williams Renault","69","1:36:03.465"
"593","  France  ","30 Jun 1996",1996," Damon Hill ","Williams Renault","72","1:36:28.795"
"594","  Great Britain  ","14 Jul 1996",1996," Jacques Villeneuve ","Williams Renault","61","1:33:00.874"
"595","  Germany  ","28 Jul 1996",1996," Damon Hill ","Williams Renault","45","1:21:43.417"
"596","  Hungary  ","11 Aug 1996",1996," Jacques Villeneuve ","Williams Renault","77","1:46:21.134"
"597","  Belgium  ","25 Aug 1996",1996," Michael Schumacher ","Ferrari","44","1:28:15.125"
"598","  Italy  ","08 Sep 1996",1996," Michael Schumacher ","Ferrari","53","1:17:43.632"
"599","  Portugal  ","22 Sep 1996",1996," Jacques Villeneuve ","Williams Renault","70","1:40:22.915"
"600","  Japan  ","13 Oct 1996",1996," Damon Hill ","Williams Renault","52","1:32:33.791"
"601","  Australia  ","09 Mar 1997",1997," David Coulthard ","McLaren Mercedes","58","1:30:28.718"
"602","  Brazil  ","30 Mar 1997",1997," Jacques Villeneuve ","Williams Renault","72","1:36:06.990"
"603","  Argentina  ","13 Apr 1997",1997," Jacques Villeneuve ","Williams Renault","72","1:52:01.715"
"604","  San Marino  ","27 Apr 1997",1997," Heinz-Harald Frentzen ","Williams Renault","62","1:31:00.673"
"605","  Monaco  ","11 May 1997",1997," Michael Schumacher ","Ferrari","62","2:00:05.654"
"606","  Spain  ","25 May 1997",1997," Jacques Villeneuve ","Williams Renault","64","1:30:35.896"
"607","  Canada  ","15 Jun 1997",1997," Michael Schumacher ","Ferrari","54","1:17:40.646"
"608","  France  ","29 Jun 1997",1997," Michael Schumacher ","Ferrari","72","1:38:50.492"
"609","  Great Britain  ","13 Jul 1997",1997," Jacques Villeneuve ","Williams Renault","59","1:28:01.665"
"610","  Germany  ","27 Jul 1997",1997," Gerhard Berger ","Benetton Renault","45","1:20:59.046"
"611","  Hungary  ","10 Aug 1997",1997," Jacques Villeneuve ","Williams Renault","77","1:45:47.149"
"612","  Belgium  ","24 Aug 1997",1997," Michael Schumacher ","Ferrari","44","1:33:46.717"
"613","  Italy  ","07 Sep 1997",1997," David Coulthard ","McLaren Mercedes","53","1:17:04.609"
"614","  Austria  ","21 Sep 1997",1997," Jacques Villeneuve ","Williams Renault","71","1:27:35.999"
"615","  Luxembourg  ","28 Sep 1997",1997," Jacques Villeneuve ","Williams Renault","67","1:31:27.843"
"616","  Japan  ","12 Oct 1997",1997," Michael Schumacher ","Ferrari","53","1:29:48.446"
"617","  Europe  ","26 Oct 1997",1997," Mika Hakkinen ","McLaren Mercedes","69","1:38:57.771"
"618","  Australia  ","08 Mar 1998",1998," Mika Hakkinen ","McLaren Mercedes","58","1:31:45.996"
"619","  Brazil  ","29 Mar 1998",1998," Mika Hakkinen ","McLaren Mercedes","72","1:37:11.747"
"620","  Argentina  ","12 Apr 1998",1998," Michael Schumacher ","Ferrari","72","1:48:36.175"
"621","  San Marino  ","26 Apr 1998",1998," David Coulthard ","McLaren Mercedes","62","1:34:24.593"
"622","  Spain  ","10 May 1998",1998," Mika Hakkinen ","McLaren Mercedes","65","1:33:37.621"
"623","  Monaco  ","24 May 1998",1998," Mika Hakkinen ","McLaren Mercedes","78","1:51:23.595"
"624","  Canada  ","07 Jun 1998",1998," Michael Schumacher ","Ferrari","69","1:40:57.355"
"625","  France  ","28 Jun 1998",1998," Michael Schumacher ","Ferrari","71","1:34:45.026"
"626","  Great Britain  ","12 Jul 1998",1998," Michael Schumacher ","Ferrari","60","1:47:02.450"
"627","  Austria  ","26 Jul 1998",1998," Mika Hakkinen ","McLaren Mercedes","71","1:30:44.086"
"628","  Germany  ","02 Aug 1998",1998," Mika Hakkinen ","McLaren Mercedes","45","1:20:47.984"
"629","  Hungary  ","16 Aug 1998",1998," Michael Schumacher ","Ferrari","77","1:45:25.550"
"630","  Belgium  ","30 Aug 1998",1998," Damon Hill ","Jordan Mugen Honda","44","1:43:47.407"
"631","  Italy  ","13 Sep 1998",1998," Michael Schumacher ","Ferrari","53","1:17:09.672"
"632","  Luxembourg  ","27 Sep 1998",1998," Mika Hakkinen ","McLaren Mercedes","67","1:32:14.789"
"633","  Japan  ","01 Nov 1998",1998," Mika Hakkinen ","McLaren Mercedes","51","1:27:22.535"
"634","  Australia  ","07 Mar 1999",1999," Eddie Irvine ","Ferrari","57","1:35:01.659"
"635","  Brazil  ","11 Apr 1999",1999," Mika Hakkinen ","McLaren Mercedes","72","1:36:03.785"
"636","  San Marino  ","02 May 1999",1999," Michael Schumacher ","Ferrari","62","1:33:44.792"
"637","  Monaco  ","16 May 1999",1999," Michael Schumacher ","Ferrari","78","1:49:31.812"
"638","  Spain  ","30 May 1999",1999," Mika Hakkinen ","McLaren Mercedes","65","1:34:13.665"
"639","  Canada  ","13 Jun 1999",1999," Mika Hakkinen ","McLaren Mercedes","69","1:41:35.727"
"640","  France  ","27 Jun 1999",1999," Heinz-Harald Frentzen ","Jordan Mugen Honda","72","1:58:24.343"
"641","  Great Britain  ","11 Jul 1999",1999," David Coulthard ","McLaren Mercedes","60","1:32:30.144"
"642","  Austria  ","25 Jul 1999",1999," Eddie Irvine ","Ferrari","71","1:28:12.438"
"643","  Germany  ","01 Aug 1999",1999," Eddie Irvine ","Ferrari","45","1:21:58.594"
"644","  Hungary  ","15 Aug 1999",1999," Mika Hakkinen ","McLaren Mercedes","77","1:46:23.536"
"645","  Belgium  ","29 Aug 1999",1999," David Coulthard ","McLaren Mercedes","44","1:25:43.057"
"646","  Italy  ","12 Sep 1999",1999," Heinz-Harald Frentzen ","Jordan Mugen Honda","53","1:17:02.923"
"647","  Europe  ","26 Sep 1999",1999," Johnny Herbert ","Stewart Ford","66","1:41:54.314"
"648","  Malaysia  ","17 Oct 1999",1999," Eddie Irvine ","Ferrari","56","1:36:38.494"
"649","  Japan  ","31 Oct 1999",1999," Mika Hakkinen ","McLaren Mercedes","53","1:31:18.785"
"650","  Australia  ","12 Mar 2000",2000," Michael Schumacher ","Ferrari","58","1:34:01.987"
"651","  Brazil  ","26 Mar 2000",2000," Michael Schumacher ","Ferrari","71","1:31:35.271"
"652","  San Marino  ","09 Apr 2000",2000," Michael Schumacher ","Ferrari","62","1:31:39.776"
"653","  Great Britain  ","23 Apr 2000",2000," David Coulthard ","McLaren Mercedes","60","1:28:50.108"
"654","  Spain  ","07 May 2000",2000," Mika Hakkinen ","McLaren Mercedes","65","1:33:55.390"
"655","  Europe  ","21 May 2000",2000," Michael Schumacher ","Ferrari","67","1:42:00.307"
"656","  Monaco  ","04 Jun 2000",2000," David Coulthard ","McLaren Mercedes","78","1:49:28.213"
"657","  Canada  ","18 Jun 2000",2000," Michael Schumacher ","Ferrari","69","1:41:12.313"
"658","  France  ","02 Jul 2000",2000," David Coulthard ","McLaren Mercedes","72","1:38:05.538"
"659","  Austria  ","16 Jul 2000",2000," Mika Hakkinen ","McLaren Mercedes","71","1:28:15.818"
"660","  Germany  ","30 Jul 2000",2000," Rubens Barrichello ","Ferrari","45","1:25:34.418"
"661","  Hungary  ","13 Aug 2000",2000," Mika Hakkinen ","McLaren Mercedes","77","1:45:33.869"
"662","  Belgium  ","27 Aug 2000",2000," Mika Hakkinen ","McLaren Mercedes","44","1:28:14.494"
"663","  Italy  ","10 Sep 2000",2000," Michael Schumacher ","Ferrari","53","1:27:31.638"
"664","  United States  ","24 Sep 2000",2000," Michael Schumacher ","Ferrari","73","1:36:30.883"
"665","  Japan  ","08 Oct 2000",2000," Michael Schumacher ","Ferrari","53","1:29:53.435"
"666","  Malaysia  ","22 Oct 2000",2000," Michael Schumacher ","Ferrari","56","1:35:54.235"
"667","  Australia  ","04 Mar 2001",2001," Michael Schumacher ","Ferrari","58","1:38:26.533"
"668","  Malaysia  ","18 Mar 2001",2001," Michael Schumacher ","Ferrari","55","1:47:34.801"
"669","  Brazil  ","01 Apr 2001",2001," David Coulthard ","McLaren Mercedes","71","1:39:00.834"
"670","  San Marino  ","15 Apr 2001",2001," Ralf Schumacher ","Williams BMW","62","1:30:44.817"
"671","  Spain  ","29 Apr 2001",2001," Michael Schumacher ","Ferrari","65","1:31:03.305"
"672","  Austria  ","13 May 2001",2001," David Coulthard ","McLaren Mercedes","71","1:27:45.927"
"673","  Monaco  ","27 May 2001",2001," Michael Schumacher ","Ferrari","78","1:47:22.561"
"674","  Canada  ","10 Jun 2001",2001," Ralf Schumacher ","Williams BMW","69","1:34:31.522"
"675","  Europe  ","24 Jun 2001",2001," Michael Schumacher ","Ferrari","67","1:29:42.724"
"676","  France  ","01 Jul 2001",2001," Michael Schumacher ","Ferrari","72","1:33:35.636"
"677","  Great Britain  ","15 Jul 2001",2001," Mika Hakkinen ","McLaren Mercedes","60","1:25:33.770"
"678","  Germany  ","29 Jul 2001",2001," Ralf Schumacher ","Williams BMW","45","1:18:17.873"
"679","  Hungary  ","19 Aug 2001",2001," Michael Schumacher ","Ferrari","77","1:41:49.675"
"680","  Belgium  ","02 Sep 2001",2001," Michael Schumacher ","Ferrari","36","1:08:05.002"
"681","  Italy  ","16 Sep 2001",2001," Juan Pablo Montoya ","Williams BMW","53","1:16:58.493"
"682","  United States   ","30 Sep 2001",2001," Mika Hakkinen ","McLaren Mercedes","73","1:32:42.840"
"683","  Japan  ","14 Oct 2001",2001," Michael Schumacher ","Ferrari","53","1:27:33.298"
"684","  Australia  ","03 Mar 2002",2002," Michael Schumacher ","Ferrari","58","1:35:36.792"
"685","  Malaysia  ","17 Mar 2002",2002," Ralf Schumacher ","Williams BMW","56","1:34:12.912"
"686","  Brazil  ","31 Mar 2002",2002," Michael Schumacher ","Ferrari","71","1:31:43.663"
"687","  San Marino  ","14 Apr 2002",2002," Michael Schumacher ","Ferrari","62","1:29:10.789"
"688","  Spain  ","28 Apr 2002",2002," Michael Schumacher ","Ferrari","65","1:30:29.981"
"689","  Austria  ","12 May 2002",2002," Michael Schumacher ","Ferrari","71","1:33:51.562"
"690","  Monaco  ","26 May 2002",2002," David Coulthard ","McLaren Mercedes","78","1:45:39.055"
"691","  Canada  ","09 Jun 2002",2002," Michael Schumacher ","Ferrari","70","1:33:36.111"
"692","  Europe  ","23 Jun 2002",2002," Rubens Barrichello ","Ferrari","60","1:35:07.426"
"693","  Great Britain  ","07 Jul 2002",2002," Michael Schumacher ","Ferrari","60","1:31:45.015"
"694","  France  ","21 Jul 2002",2002," Michael Schumacher ","Ferrari","72","1:32:09.837"
"695","  Germany  ","28 Jul 2002",2002," Michael Schumacher ","Ferrari","67","1:27:52.078"
"696","  Hungary  ","18 Aug 2002",2002," Rubens Barrichello ","Ferrari","77","1:41:49.001"
"697","  Belgium  ","01 Sep 2002",2002," Michael Schumacher ","Ferrari","44","1:21:20.634"
"698","  Italy  ","15 Sep 2002",2002," Rubens Barrichello ","Ferrari","53","1:16:19.982"
"699","  United States   ","29 Sep 2002",2002," Rubens Barrichello ","Ferrari","73","1:31:07.934"
"700","  Japan  ","13 Oct 2002",2002," Michael Schumacher ","Ferrari","53","1:26:59.698"
"701","  Australia  ","09 Mar 2003",2003," David Coulthard ","McLaren Mercedes","58","1:34:42.124"
"702","  Malaysia  ","23 Mar 2003",2003," Kimi Rikknen ","McLaren Mercedes","56","1:32:22.195"
"703","  Brazil  ","06 Apr 2003",2003," Giancarlo Fisichella ","Jordan Ford","54","1:31:17.748"
"704","  San Marino  ","20 Apr 2003",2003," Michael Schumacher ","Ferrari","62","1:28:12.058"
"705","  Spain  ","04 May 2003",2003," Michael Schumacher ","Ferrari","65","1:33:46.933"
"706","  Austria  ","18 May 2003",2003," Michael Schumacher ","Ferrari","69","1:24:04.888"
"707","  Monaco  ","01 Jun 2003",2003," Juan Pablo Montoya ","Williams BMW","78","1:42:19.010"
"708","  Canada  ","15 Jun 2003",2003," Michael Schumacher ","Ferrari","70","1:31:13.591"
"709","  Europe  ","29 Jun 2003",2003," Ralf Schumacher ","Williams BMW","60","1:34:43.622"
"710","  France  ","06 Jul 2003",2003," Ralf Schumacher ","Williams BMW","70","1:30:49.213"
"711","  Great Britain  ","20 Jul 2003",2003," Rubens Barrichello ","Ferrari","60","1:28:37.554"
"712","  Germany  ","03 Aug 2003",2003," Juan Pablo Montoya ","Williams BMW","67","1:28:48.769"
"713","  Hungary  ","24 Aug 2003",2003," Fernando Alonso ","Renault","70","1:39:01.460"
"714","  Italy  ","14 Sep 2003",2003," Michael Schumacher ","Ferrari","53","1:14:19.838"
"715","  United States   ","28 Sep 2003",2003," Michael Schumacher ","Ferrari","73","1:33:35.997"
"716","  Japan  ","12 Oct 2003",2003," Rubens Barrichello ","Ferrari","53","1:25:11.743"
"717","  Australia  ","07 Mar 2004",2004," Michael Schumacher ","Ferrari","58","1:24:15.757"
"718","  Malaysia  ","21 Mar 2004",2004," Michael Schumacher ","Ferrari","56","1:31:07.490"
"719","  Bahrain  ","04 Apr 2004",2004," Michael Schumacher ","Ferrari","57","1:28:34.875"
"720","  San Marino  ","25 Apr 2004",2004," Michael Schumacher ","Ferrari","62","1:26:19.670"
"721","  Spain  ","09 May 2004",2004," Michael Schumacher ","Ferrari","66","1:27:32.841"
"722","  Monaco  ","23 May 2004",2004," Jarno Trulli ","Renault","77","1:45:46.601"
"723","  Europe  ","30 May 2004",2004," Michael Schumacher ","Ferrari","60","1:32:35.101"
"724","  Canada  ","13 Jun 2004",2004," Michael Schumacher ","Ferrari","70","1:28:24.803"
"725","  United States   ","20 Jun 2004",2004," Michael Schumacher ","Ferrari","73","1:40:29.914"
"726","  France  ","04 Jul 2004",2004," Michael Schumacher ","Ferrari","70","1:30:18.133"
"727","  Great Britain  ","11 Jul 2004",2004," Michael Schumacher ","Ferrari","60","1:24:42.700"
"728","  Germany  ","25 Jul 2004",2004," Michael Schumacher ","Ferrari","66","1:23:54.848"
"729","  Hungary  ","15 Aug 2004",2004," Michael Schumacher ","Ferrari","70","1:35:26.131"
"730","  Belgium  ","29 Aug 2004",2004," Kimi Rikknen ","McLaren Mercedes","44","1:32:35.274"
"731","  Italy  ","12 Sep 2004",2004," Rubens Barrichello ","Ferrari","53","1:15:18.448"
"732","  China  ","26 Sep 2004",2004," Rubens Barrichello ","Ferrari","56","1:29:12.420"
"733","  Japan  ","10 Oct 2004",2004," Michael Schumacher ","Ferrari","53","1:24:26.985"
"734","  Brazil  ","24 Oct 2004",2004," Juan Pablo Montoya ","Williams BMW","71","1:28:01.451"
"735","  Australia  ","06 Mar 2005",2005," Giancarlo Fisichella ","Renault","57","1:24:17.336"
"736","  Malaysia  ","20 Mar 2005",2005," Fernando Alonso ","Renault","56","1:31:33.736"
"737","  Bahrain  ","03 Apr 2005",2005," Fernando Alonso ","Renault","57","1:29:18.531"
"738","  San Marino  ","24 Apr 2005",2005," Fernando Alonso ","Renault","62","1:27:41.921"
"739","  Spain  ","08 May 2005",2005," Kimi Rikknen ","McLaren Mercedes","66","1:27:16.830"
"740","  Monaco  ","22 May 2005",2005," Kimi Rikknen ","McLaren Mercedes","78","1:45:15.556"
"741","  Europe  ","29 May 2005",2005," Fernando Alonso ","Renault","59","1:31:46.648"
"742","  Canada  ","12 Jun 2005",2005," Kimi Rikknen ","McLaren Mercedes","70","1:32:09.290"
"743","  United States   ","19 Jun 2005",2005," Michael Schumacher ","Ferrari","73","1:29:43.181"
"744","  France  ","03 Jul 2005",2005," Fernando Alonso ","Renault","70","1:31:22.233"
"745","  Great Britain  ","10 Jul 2005",2005," Juan Pablo Montoya ","McLaren Mercedes","60","1:24:29.588"
"746","  Germany  ","24 Jul 2005",2005," Fernando Alonso ","Renault","67","1:26:28.599"
"747","  Hungary  ","31 Jul 2005",2005," Kimi Rikknen ","McLaren Mercedes","70","1:37:25.552"
"748","  Turkey  ","21 Aug 2005",2005," Kimi Rikknen ","McLaren Mercedes","58","1:24:34.454"
"749","  Italy  ","04 Sep 2005",2005," Juan Pablo Montoya ","McLaren Mercedes","53","1:14:28.659"
"750","  Belgium  ","11 Sep 2005",2005," Kimi Rikknen ","McLaren Mercedes","44","1:30:01.295"
"751","  Brazil  ","25 Sep 2005",2005," Juan Pablo Montoya ","McLaren Mercedes","71","1:29:20.574"
"752","  Japan  ","09 Oct 2005",2005," Kimi Rikknen ","McLaren Mercedes","53","1:29:02.212"
"753","  China  ","16 Oct 2005",2005," Fernando Alonso ","Renault","56","1:39:53.618"
"754","  Bahrain  ","12 Mar 2006",2006," Fernando Alonso ","Renault","57","1:29:46.205"
"755","  Malaysia  ","19 Mar 2006",2006," Giancarlo Fisichella ","Renault","56","1:30:40.529"
"756","  Australia  ","02 Apr 2006",2006," Fernando Alonso ","Renault","57","1:34:27.870"
"757","  San Marino  ","23 Apr 2006",2006," Michael Schumacher ","Ferrari","62","1:31:06.486"
"758","  Europe  ","07 May 2006",2006," Michael Schumacher ","Ferrari","60","1:35:58.765"
"759","  Spain  ","14 May 2006",2006," Fernando Alonso ","Renault","66","1:26:21.759"
"760","  Monaco  ","28 May 2006",2006," Fernando Alonso ","Renault","78","1:43:43.116"
"761","  Great Britain  ","11 Jun 2006",2006," Fernando Alonso ","Renault","60","1:25:51.927"
"762","  Canada  ","25 Jun 2006",2006," Fernando Alonso ","Renault","70","1:34:37.308"
"763","  United States   ","02 Jul 2006",2006," Michael Schumacher ","Ferrari","73","1:34:35.199"
"764","  France  ","16 Jul 2006",2006," Michael Schumacher ","Ferrari","70","1:32:07.803"
"765","  Germany  ","30 Jul 2006",2006," Michael Schumacher ","Ferrari","67","1:27:51.693"
"766","  Hungary  ","06 Aug 2006",2006," Jenson Button ","Honda","70","1:52:20.941"
"767","  Turkey  ","27 Aug 2006",2006," Felipe Massa ","Ferrari","58","1:28:51.082"
"768","  Italy  ","10 Sep 2006",2006," Michael Schumacher ","Ferrari","53","1:14:51.975"
"769","  China  ","01 Oct 2006",2006," Michael Schumacher ","Ferrari","56","1:37:32.747"
"770","  Japan  ","08 Oct 2006",2006," Fernando Alonso ","Renault","53","1:23:53.413"
"771","  Brazil  ","22 Oct 2006",2006," Felipe Massa ","Ferrari","71","1:31:53.751"
"772","  Australia  ","18 Mar 2007",2007," Kimi Rikknen ","Ferrari","58","1:25:28.770"
"773","  Malaysia  ","08 Apr 2007",2007," Fernando Alonso ","McLaren Mercedes","56","1:32:14.930"
"774","  Bahrain  ","15 Apr 2007",2007," Felipe Massa ","Ferrari","57","1:33:27.515"
"775","  Spain  ","13 May 2007",2007," Felipe Massa ","Ferrari","65","1:31:36.230"
"776","  Monaco  ","27 May 2007",2007," Fernando Alonso ","McLaren Mercedes","78","1:40:29.329"
"777","  Canada  ","10 Jun 2007",2007," Lewis Hamilton ","McLaren Mercedes","70","1:44:11.292"
"778","  United States   ","17 Jun 2007",2007," Lewis Hamilton ","McLaren Mercedes","73","1:31:09.965"
"779","  France  ","01 Jul 2007",2007," Kimi Rikknen ","Ferrari","70","1:30:54.200"
"780","  Great Britain  ","08 Jul 2007",2007," Kimi Rikknen ","Ferrari","59","1:21:43.074"
"781","  Europe  ","22 Jul 2007",2007," Fernando Alonso ","McLaren Mercedes","60","2:06:26.358"
"782","  Hungary  ","05 Aug 2007",2007," Lewis Hamilton ","McLaren Mercedes","70","1:35:52.991"
"783","  Turkey  ","26 Aug 2007",2007," Felipe Massa ","Ferrari","58","1:26:42.161"
"784","  Italy  ","09 Sep 2007",2007," Fernando Alonso ","McLaren Mercedes","53","1:18:37.806"
"785","  Belgium  ","16 Sep 2007",2007," Kimi Rikknen ","Ferrari","44","1:20:39.066"
"786","  Japan  ","30 Sep 2007",2007," Lewis Hamilton ","McLaren Mercedes","67","2:00:34.579"
"787","  China  ","07 Oct 2007",2007," Kimi Rikknen ","Ferrari","56","1:37:58.395"
"788","  Brazil  ","21 Oct 2007",2007," Kimi Rikknen ","Ferrari","71","1:28:15.270"
"789","  Australia  ","16 Mar 2008",2008," Lewis Hamilton ","McLaren Mercedes","58","1:34:50.616"
"790","  Malaysia  ","23 Mar 2008",2008," Kimi Rikknen ","Ferrari","56","1:31:18.555"
"791","  Bahrain  ","06 Apr 2008",2008," Felipe Massa ","Ferrari","57","1:31:06.970"
"792","  Spain  ","27 Apr 2008",2008," Kimi Rikknen ","Ferrari","66","1:38:19.051"
"793","  Turkey  ","11 May 2008",2008," Felipe Massa ","Ferrari","58","1:26:49.451"
"794","  Monaco  ","25 May 2008",2008," Lewis Hamilton ","McLaren Mercedes","76","2:00:42.742"
"795","  Canada  ","08 Jun 2008",2008," Robert Kubica ","Sauber BMW","70","1:36:24.447"
"796","  France  ","22 Jun 2008",2008," Felipe Massa ","Ferrari","70","1:31:50.245"
"797","  Great Britain  ","06 Jul 2008",2008," Lewis Hamilton ","McLaren Mercedes","60","1:39:09.440"
"798","  Germany  ","20 Jul 2008",2008," Lewis Hamilton ","McLaren Mercedes","67","1:31:20.874"
"799","  Hungary  ","03 Aug 2008",2008," Heikki Kovalainen ","McLaren Mercedes","70","1:37:27.067"
"800","  Europe  ","24 Aug 2008",2008," Felipe Massa ","Ferrari","57","1:35:32.339"
"801","  Belgium  ","07 Sep 2008",2008," Felipe Massa ","Ferrari","44","1:22:59.394"
"802","  Italy  ","14 Sep 2008",2008," Sebastian Vettel ","STR Ferrari","53","1:26:47.494"
"803","  Singapore  ","28 Sep 2008",2008," Fernando Alonso ","Renault","61","1:57:16.304"
"804","  Japan  ","12 Oct 2008",2008," Fernando Alonso ","Renault","67","1:30:21.892"
"805","  China  ","19 Oct 2008",2008," Lewis Hamilton ","McLaren Mercedes","56","1:31:57.403"
"806","  Brazil  ","02 Nov 2008",2008," Felipe Massa ","Ferrari","71","1:34:11.435"
"807","  Australia  ","29 Mar 2009",2009," Jenson Button ","Brawn Mercedes","58","1:34:15.784"
"808","  Malaysia  ","05 Apr 2009",2009," Jenson Button ","Brawn Mercedes","31","55:30.622"
"809","  China  ","19 Apr 2009",2009," Sebastian Vettel ","RBR Renault","56","1:57:43.485"
"810","  Bahrain  ","26 Apr 2009",2009," Jenson Button ","Brawn Mercedes","57","1:31:48.182"
"811","  Spain  ","10 May 2009",2009," Jenson Button ","Brawn Mercedes","66","1:37:19.202"
"812","  Monaco  ","24 May 2009",2009," Jenson Button ","Brawn Mercedes","78","1:40:44.282"
"813","  Turkey  ","07 Jun 2009",2009," Jenson Button ","Brawn Mercedes","58","1:26:24.848"
"814","  Great Britain  ","21 Jun 2009",2009," Sebastian Vettel ","RBR Renault","60","1:22:49.328"
"815","  Germany  ","12 Jul 2009",2009," Mark Webber ","RBR Renault","60","1:36:43.310"
"816","  Hungary  ","26 Jul 2009",2009," Lewis Hamilton ","McLaren Mercedes","70","1:38:23.876"
"817","  Europe  ","23 Aug 2009",2009," Rubens Barrichello ","Brawn Mercedes","57","1:35:51.289"
"818","  Belgium  ","30 Aug 2009",2009," Kimi Rikknen ","Ferrari","44","1:23:50.995"
"819","  Italy  ","13 Sep 2009",2009," Rubens Barrichello ","Brawn Mercedes","53","1:16:21.706"
"820","  Singapore  ","27 Sep 2009",2009," Lewis Hamilton ","McLaren Mercedes","61","1:56:06.337"
"821","  Japan  ","04 Oct 2009",2009," Sebastian Vettel ","RBR Renault","53","1:28:20.443"
"822","  Brazil  ","18 Oct 2009",2009," Mark Webber ","RBR Renault","71","1:32:23.081"
"823","  Abu Dhabi  ","01 Nov 2009",2009," Sebastian Vettel ","RBR Renault","55","1:34:03.414"
"824","  Bahrain  ","14 Mar 2010",2010," Fernando Alonso ","Ferrari","49","1:39:20.396"
"825","  Australia  ","28 Mar 2010",2010," Jenson Button ","McLaren Mercedes","58","1:33:36.531"
"826","  Malaysia  ","04 Apr 2010",2010," Sebastian Vettel ","RBR Renault","56","1:33:48.412"
"827","  China  ","18 Apr 2010",2010," Jenson Button ","McLaren Mercedes","56","1:46:42.163"
"828","  Spain  ","09 May 2010",2010," Mark Webber ","RBR Renault","66","1:35:44.101"
"829","  Monaco  ","16 May 2010",2010," Mark Webber ","RBR Renault","78","1:50:13.355"
"830","  Turkey  ","30 May 2010",2010," Lewis Hamilton ","McLaren Mercedes","58","1:28:47.620"
"831","  Canada  ","13 Jun 2010",2010," Lewis Hamilton ","McLaren Mercedes","70","1:33:53.456"
"832","  Europe  ","27 Jun 2010",2010," Sebastian Vettel ","RBR Renault","57","1:40:29.571"
"833","  Great Britain  ","11 Jul 2010",2010," Mark Webber ","RBR Renault","52","1:24:38.200"
"834","  Germany  ","25 Jul 2010",2010," Fernando Alonso ","Ferrari","67","1:27:38.864"
"835","  Hungary  ","01 Aug 2010",2010," Mark Webber ","RBR Renault","70","1:41:05.571"
"836","  Belgium  ","29 Aug 2010",2010," Lewis Hamilton ","McLaren Mercedes","44","1:29:04.268"
"837","  Italy  ","12 Sep 2010",2010," Fernando Alonso ","Ferrari","53","1:16:24.572"
"838","  Singapore  ","26 Sep 2010",2010," Fernando Alonso ","Ferrari","61","1:57:53.579"
"839","  Japan  ","10 Oct 2010",2010," Sebastian Vettel ","RBR Renault","53","1:30:27.323"
"840","  South Korea  ","24 Oct 2010",2010," Fernando Alonso ","Ferrari","55","2:48:20.810"
"841","  Brazil  ","07 Nov 2010",2010," Sebastian Vettel ","RBR Renault","71","1:33:11.803"
"842","  Abu Dhabi  ","14 Nov 2010",2010," Sebastian Vettel ","RBR Renault","55","1:39:36.837"
"843","  Australia  ","27 Mar 2011",2011," Sebastian Vettel ","Red Bull Racing Renault","58","1:29:30.259"
"844","  Malaysia  ","10 Apr 2011",2011," Sebastian Vettel ","Red Bull Racing Renault","56","1:37:39.832"
"845","  China  ","17 Apr 2011",2011," Lewis Hamilton ","McLaren Mercedes","56","1:36:58.226"
"846","  Turkey  ","08 May 2011",2011," Sebastian Vettel ","Red Bull Racing Renault","58","1:30:17.558"
"847","  Spain  ","22 May 2011",2011," Sebastian Vettel ","Red Bull Racing Renault","66","1:39:03.301"
"848","  Monaco  ","29 May 2011",2011," Sebastian Vettel ","Red Bull Racing Renault","78","2:09:38.373"
"849","  Canada  ","12 Jun 2011",2011," Jenson Button ","McLaren Mercedes","70","4:04:39.537"
"850","  Europe  ","26 Jun 2011",2011," Sebastian Vettel ","Red Bull Racing Renault","57","1:39:36.169"
"851","  Great Britain  ","10 Jul 2011",2011," Fernando Alonso ","Ferrari","52","1:28:41.196"
"852","  Germany  ","24 Jul 2011",2011," Lewis Hamilton ","McLaren Mercedes","60","1:37:30.334"
"853","  Hungary  ","31 Jul 2011",2011," Jenson Button ","McLaren Mercedes","70","1:46:42.337"
"854","  Belgium  ","28 Aug 2011",2011," Sebastian Vettel ","Red Bull Racing Renault","44","1:26:44.893"
"855","  Italy  ","11 Sep 2011",2011," Sebastian Vettel ","Red Bull Racing Renault","53","1:20:46.172"
"856","  Singapore  ","25 Sep 2011",2011," Sebastian Vettel ","Red Bull Racing Renault","61","1:59:06.757"
"857","  Japan  ","09 Oct 2011",2011," Jenson Button ","McLaren Mercedes","53","1:30:53.427"
"858","  South Korea  ","16 Oct 2011",2011," Sebastian Vettel ","Red Bull Racing Renault","55","1:38:01.994"
"859","  India  ","30 Oct 2011",2011," Sebastian Vettel ","Red Bull Racing Renault","60","1:30:35.002"
"860","  Abu Dhabi  ","13 Nov 2011",2011," Lewis Hamilton ","McLaren Mercedes","55","1:37:11.886"
"861","  Brazil  ","27 Nov 2011",2011," Mark Webber ","Red Bull Racing Renault","71","1:32:17.464"
"862","  Australia  ","18 Mar 2012",2012," Jenson Button ","McLaren Mercedes","58","1:34:09.565"
"863","  Malaysia  ","25 Mar 2012",2012," Fernando Alonso ","Ferrari","56","2:44:51.812"
"864","  China  ","15 Apr 2012",2012," Nico Rosberg ","Mercedes","56","1:36:26.929"
"865","  Bahrain  ","22 Apr 2012",2012," Sebastian Vettel ","Red Bull Racing Renault","57","1:35:10.990"
"866","  Spain  ","13 May 2012",2012," Pastor Maldonado ","Williams Renault","66","1:39:09.145"
"867","  Monaco  ","27 May 2012",2012," Mark Webber ","Red Bull Racing Renault","78","1:46:06.557"
"868","  Canada  ","10 Jun 2012",2012," Lewis Hamilton ","McLaren Mercedes","70","1:32:29.586"
"869","  Europe  ","24 Jun 2012",2012," Fernando Alonso ","Ferrari","57","1:44:16.649"
"870","  Great Britain  ","08 Jul 2012",2012," Mark Webber ","Red Bull Racing Renault","52","1:25:11.288"
"871","  Germany  ","22 Jul 2012",2012," Fernando Alonso ","Ferrari","67","1:31:05.862"
"872","  Hungary  ","29 Jul 2012",2012," Lewis Hamilton ","McLaren Mercedes","69","1:41:05.503"
"873","  Belgium  ","02 Sep 2012",2012," Jenson Button ","McLaren Mercedes","44","1:29:08.530"
"874","  Italy  ","09 Sep 2012",2012," Lewis Hamilton ","McLaren Mercedes","53","1:19:41.221"
"875","  Singapore  ","23 Sep 2012",2012," Sebastian Vettel ","Red Bull Racing Renault","59","2:00:26.144"
"876","  Japan  ","07 Oct 2012",2012," Sebastian Vettel ","Red Bull Racing Renault","53","1:28:56.242"
"877","  South Korea  ","14 Oct 2012",2012," Sebastian Vettel ","Red Bull Racing Renault","55","1:36:28.651"
"878","  India  ","28 Oct 2012",2012," Sebastian Vettel ","Red Bull Racing Renault","60","1:31:10.744"
"879","  Abu Dhabi  ","04 Nov 2012",2012," Kimi Rikknen ","Lotus Renault","55","1:45:58.667"
"880","  United States  ","18 Nov 2012",2012," Lewis Hamilton ","McLaren Mercedes","56","1:35:55.269"
"881","  Brazil  ","25 Nov 2012",2012," Jenson Button ","McLaren Mercedes","71","1:45:22.656"
"882","  Australia  ","17 Mar 2013",2013," Kimi Rikknen ","Lotus Renault","58","1:30:03.225"
"883","  Malaysia  ","24 Mar 2013",2013," Sebastian Vettel ","Red Bull Racing Renault","56","1:38:56.681"
"884","  China  ","14 Apr 2013",2013," Fernando Alonso ","Ferrari","56","1:36:26.945"
"885","  Bahrain  ","21 Apr 2013",2013," Sebastian Vettel ","Red Bull Racing Renault","57","1:36:00.498"
"886","  Spain  ","12 May 2013",2013," Fernando Alonso ","Ferrari","66","1:39:16.596"
"887","  Monaco  ","26 May 2013",2013," Nico Rosberg ","Mercedes","78","2:17:52.056"
"888","  Canada  ","09 Jun 2013",2013," Sebastian Vettel ","Red Bull Racing Renault","70","1:32:09.143"
"889","  Great Britain  ","30 Jun 2013",2013," Nico Rosberg ","Mercedes","52","1:32:59.456"
"890","  Germany  ","07 Jul 2013",2013," Sebastian Vettel ","Red Bull Racing Renault","60","1:41:14.711"
"891","  Hungary  ","28 Jul 2013",2013," Lewis Hamilton ","Mercedes","70","1:42:29.445"
"892","  Belgium  ","25 Aug 2013",2013," Sebastian Vettel ","Red Bull Racing Renault","44","1:23:42.196"
"893","  Italy  ","08 Sep 2013",2013," Sebastian Vettel ","Red Bull Racing Renault","53","1:18:33.352"
"894","  Singapore  ","22 Sep 2013",2013," Sebastian Vettel ","Red Bull Racing Renault","61","1:59:13.132"
"895","  South Korea  ","06 Oct 2013",2013," Sebastian Vettel ","Red Bull Racing Renault","55","1:43:13.701"
"896","  Japan  ","13 Oct 2013",2013," Sebastian Vettel ","Red Bull Racing Renault","53","1:26:49.301"
"897","  India  ","27 Oct 2013",2013," Sebastian Vettel ","Red Bull Racing Renault","60","1:31:12.187"
"898","  Abu Dhabi  ","03 Nov 2013",2013," Sebastian Vettel ","Red Bull Racing Renault","55","1:38:06.106"
"899","  United States   ","17 Nov 2013",2013," Sebastian Vettel ","Red Bull Racing Renault","56","1:39:17.148"
"900","  Brazil  ","24 Nov 2013",2013," Sebastian Vettel ","Red Bull Racing Renault","71","1:32:36.300"
"901","  Australia  ","16 Mar 2014",2014," Nico Rosberg ","Mercedes","57","1:32:58.710"
"902","  Malaysia  ","30 Mar 2014",2014," Lewis Hamilton ","Mercedes","56","1:40:25.974"
"903","  Bahrain  ","06 Apr 2014",2014," Lewis Hamilton ","Mercedes","57","1:39:42.743"
"904","  China  ","20 Apr 2014",2014," Lewis Hamilton ","Mercedes","54","1:33:28.338"
"905","  Spain  ","11 May 2014",2014," Lewis Hamilton ","Mercedes","66","1:41:05.155"
"906","  Monaco  ","25 May 2014",2014," Nico Rosberg ","Mercedes","78","1:49:27.661"
"907","  Canada  ","08 Jun 2014",2014," Daniel Ricciardo ","Red Bull Racing Renault","70","1:39:12.830"
"908","  Austria  ","22 Jun 2014",2014," Nico Rosberg ","Mercedes","71","1:27:54.976"
"909","  Great Britain  ","06 Jul 2014",2014," Lewis Hamilton ","Mercedes","52","2:26:52.094"
"910","  Germany  ","20 Jul 2014",2014," Nico Rosberg ","Mercedes","67","1:33:42.914"
"911","  Hungary  ","27 Jul 2014",2014," Daniel Ricciardo ","Red Bull Racing Renault","70","1:53:05.058"
"912","  Belgium  ","24 Aug 2014",2014," Daniel Ricciardo ","Red Bull Racing Renault","44","1:24:36.556"
"913","  Italy  ","07 Sep 2014",2014," Lewis Hamilton ","Mercedes","53","1:19:10.236"
"914","  Singapore  ","21 Sep 2014",2014," Lewis Hamilton ","Mercedes","60","2:00:04.795"
"915","  Japan  ","05 Oct 2014",2014," Lewis Hamilton ","Mercedes","44","1:51:43.021"
"916","  Russia  ","21 Oct 2014",2014," Lewis Hamilton ","Mercedes","53","1:31:50.744"
"917","  United States   ","02 Nov 2014",2014," Lewis Hamilton ","Mercedes","56","1:40:04.785"
"918","  Brazil  ","09 Nov 2014",2014," Nico Rosberg ","Mercedes","71","1:30:02.555"
"919","  Abu Dhabi  ","23 Nov 2014",2014," Lewis Hamilton ","Mercedes","55","1:39:02.619"
"920","  Australia  ","15 Mar 2015",2015," Lewis Hamilton ","Mercedes","58","1:31:54.067"
"921","  Malaysia  ","29 Mar 2015",2015," Sebastian Vettel ","Ferrari","56","1:41:05.793"
"922","  China  ","12 Apr 2015",2015," Lewis Hamilton ","Mercedes","56","1:39:42.008"
"923","  Bahrain  ","19 Apr 2015",2015," Lewis Hamilton ","Mercedes","57","1:35:05.809"
"924","  Spain  ","10 May 2015",2015," Nico Rosberg ","Mercedes","66","1:41:12.555"
"925","  Monaco  ","24 May 2015",2015," Nico Rosberg ","Mercedes","78","1:49:18.420"
"926","  Canada  ","07 Jun 2015",2015," Lewis Hamilton ","Mercedes","70","1:31:53.145"
"927","  Austria  ","21 Jun 2015",2015," Nico Rosberg ","Mercedes","71","1:30:16.930"
"928","  Great Britain  ","05 Jul 2015",2015," Lewis Hamilton ","Mercedes","52","1:31:27.729"
"929","  Hungary  ","26 Jul 2015",2015," Sebastian Vettel ","Ferrari","69","1:46:09.985"
"930","  Belgium  ","23 Aug 2015",2015," Lewis Hamilton ","Mercedes","43","1:23:40.387"
"931","  Italy  ","06 Sep 2015",2015," Lewis Hamilton ","Mercedes","53","1:18:00.688"
"932","  Singapore  ","20 Sep 2015",2015," Sebastian Vettel ","Ferrari","61","2:01:22.118"
"933","  Japan  ","27 Sep 2015",2015," Lewis Hamilton ","Mercedes","53","1:28:06.508"
"934","  Russia  ","11 Oct 2015",2015," Lewis Hamilton ","Mercedes","53","1:37:11.024"
"935","  United States   ","25 Oct 2015",2015," Lewis Hamilton ","Mercedes","56","1:50:52.703"
"936","  Mexico  ","01 Nov 2015",2015," Nico Rosberg ","Mercedes","71","1:42:35.038"
"937","  Brazil  ","15 Nov 2015",2015," Nico Rosberg ","Mercedes","71","1:31:09.090"
"938","  Abu Dhabi  ","29 Nov 2015",2015," Nico Rosberg ","Mercedes","55","1:38:30.175"
"939","  Australia  ","20 Mar 2016",2016," Nico Rosberg ","Mercedes","57","1:48:15.565"
"940","  Bahrain  ","03 Apr 2016",2016," Nico Rosberg ","Mercedes","57","1:33:34.696"
"941","  China  ","17 Apr 2016",2016," Nico Rosberg ","Mercedes","56","1:38:53.891"
"942","  Russia  ","01 May 2016",2016," Nico Rosberg ","Mercedes","53","1:32:41.997"
"943","  Spain  ","15 May 2016",2016," Max Verstappen ","Red Bull Racing TAG Heuer","66","1:41:40.017"
"944","  Monaco  ","29 May 2016",2016," Lewis Hamilton ","Mercedes","78","1:59:29.133"
"945","  Canada  ","12 Jun 2016",2016," Lewis Hamilton ","Mercedes","70","1:31:05.296"
"946","  Europe  ","19 Jun 2016",2016," Nico Rosberg ","Mercedes","51","1:32:52.366"
"947","  Austria  ","03 Jul 2016",2016," Lewis Hamilton ","Mercedes","71","1:27:38.107"
"948","  Great Britain  ","10 Jul 2016",2016," Lewis Hamilton ","Mercedes","52","1:34:55.831"
"949","  Hungary  ","24 Jul 2016",2016," Lewis Hamilton ","Mercedes","70","1:40:30.115"
"950","  Germany  ","31 Jul 2016",2016," Lewis Hamilton ","Mercedes","67","1:30:44.200"
"951","  Belgium  ","28 Aug 2016",2016," Nico Rosberg ","Mercedes","44","1:44:51.058"
"952","  Italy  ","04 Sep 2016",2016," Nico Rosberg ","Mercedes","53","1:17:28.089"
"953","  Singapore  ","18 Sep 2016",2016," Nico Rosberg ","Mercedes","61","1:55:48.950"
"954","  Malaysia  ","02 Oct 2016",2016," Daniel Ricciardo ","Red Bull Racing TAG Heuer","56","1:37:12.776"
"955","  Japan  ","09 Oct 2016",2016," Nico Rosberg ","Mercedes","53","1:26:43.333"
"956","  United States   ","23 Oct 2016",2016," Lewis Hamilton ","Mercedes","56","1:38:12.618"
"957","  Mexico  ","30 Oct 2016",2016," Lewis Hamilton ","Mercedes","71","1:40:31.402"
"958","  Brazil  ","13 Nov 2016",2016," Lewis Hamilton ","Mercedes","71","3:01:01.335"
"959","  Abu Dhabi  ","27 Nov 2016",2016," Lewis Hamilton ","Mercedes","55","1:38:04.013"
"960","  Australia  ","26 Mar 2017",2017," Sebastian Vettel ","Ferrari","57","1:24:11.672"
"961","  China  ","09 Apr 2017",2017," Lewis Hamilton ","Mercedes","56","1:37:36.158"
"962","  Bahrain  ","16 Apr 2017",2017," Sebastian Vettel ","Ferrari","57","1:33:53.374"
"963","  Russia  ","30 Apr 2017",2017," Valtteri  Bottas ","Mercedes","52","1:28:08.743"
"964","  Spain  ","14 May 2017",2017," Lewis Hamilton ","Mercedes","66","1:35:56.497"
"965","  Monaco  ","28 May 2017",2017," Sebastian Vettel ","Ferrari","78","1:44:44.340"
"966","  Canada  ","11 Jun 2017",2017," Lewis Hamilton ","Mercedes","70","1:33:05.154"
"967","  Azerbaijan  ","25 Jun 2017",2017," Daniel Ricciardo ","Red Bull Racing TAG Heuer","51","2:03:55.573"
"968","  Austria  ","09 Jul 2017",2017," Valtteri  Bottas ","Mercedes","71","1:21:48.523"
"969","  Great Britain  ","16 Jul 2017",2017," Lewis Hamilton ","Mercedes","51","1:21:27.430"
"970","  Hungary  ","30 Jul 2017",2017," Sebastian Vettel ","Ferrari","70","1:39:46.713"
"971","  Belgium  ","27 Aug 2017",2017," Lewis Hamilton ","Mercedes","44","1:24:42.820"
"972","  Italy  ","03 Sep 2017",2017," Lewis Hamilton ","Mercedes","53","1:15:32.312"
"973","  Singapore  ","17 Sep 2017",2017," Lewis Hamilton ","Mercedes","58","2:03:23.544"
"974","  Malaysia  ","01 Oct 2017",2017," Max Verstappen ","Red Bull Racing TAG Heuer","56","1:30:01.290"
"975","  Japan  ","08 Oct 2017",2017," Lewis Hamilton ","Mercedes","53","1:27:31.194"
"976","  United States   ","22 Oct 2017",2017," Lewis Hamilton ","Mercedes","56","1:33:50.991"
"977","  Mexico  ","29 Oct 2017",2017," Max Verstappen ","Red Bull Racing TAG Heuer","71","1:36:26.552"
"978","  Brazil  ","12 Nov 2017",2017," Sebastian Vettel ","Ferrari","71","1:31:26.262"
"979","  Abu Dhabi  ","26 Nov 2017",2017," Valtteri  Bottas ","Mercedes","55","1:34:14.062"
"980","  Australia  ","25 Mar 2018",2018," Sebastian Vettel ","Ferrari","58","1:29:33.283"
"981","  Bahrain  ","08 Apr 2018",2018," Sebastian Vettel ","Ferrari","57","1:32:01.940"
"982","  China  ","15 Apr 2018",2018," Daniel Ricciardo ","Red Bull Racing TAG Heuer","56","1:35:36.380"
"983","  Azerbaijan  ","29 Apr 2018",2018," Lewis Hamilton ","Mercedes","51","1:43:44.291"
"984","  Spain  ","13 May 2018",2018," Lewis Hamilton ","Mercedes","66","1:35:29.972"
"985","  Monaco  ","27 May 2018",2018," Daniel Ricciardo ","Red Bull Racing TAG Heuer","78","1:42:54.807"
"986","  Canada  ","10 Jun 2018",2018," Sebastian Vettel ","Ferrari","68","1:28:31.377"
"987","  France  ","24 Jun 2018",2018," Lewis Hamilton ","Mercedes","53","1:30:11.385"
"988","  Austria  ","01 Jul 2018",2018," Max Verstappen ","Red Bull Racing TAG Heuer","71","1:21:56.024"
"989","  Great Britain  ","08 Jul 2018",2018," Sebastian Vettel ","Ferrari","52","1:27:29.784"
"990","  Germany  ","22 Jul 2018",2018," Lewis Hamilton ","Mercedes","67","1:32:29.845"
"991","  Hungary  ","29 Jul 2018",2018," Lewis Hamilton ","Mercedes","70","1:37:16.427"
"992","  Belgium  ","26 Aug 2018",2018," Sebastian Vettel ","Ferrari","44","1:23:34.476"
"993","  Italy  ","02 Sep 2018",2018," Lewis Hamilton ","Mercedes","53","1:16:54.484"
"994","  Singapore  ","16 Sep 2018",2018," Lewis Hamilton ","Mercedes","61","1:51:11.611"
"995","  Russia  ","30 Sep 2018",2018," Lewis Hamilton ","Mercedes","53","1:27:25.181"
"996","  Japan  ","07 Oct 2018",2018," Lewis Hamilton ","Mercedes","53","1:27:17.062"
"997","  United States   ","21 Oct 2018",2018," Kimi Rikknen ","Ferrari","56","1:34:18.643"
"998","  Mexico  ","28 Oct 2018",2018," Max Verstappen ","Red Bull Racing TAG Heuer","71","1:38:28.851"
"999","  Brazil  ","11 Nov 2018",2018," Lewis Hamilton ","Mercedes","71","1:27:09.066"
"1000","  Abu Dhabi  ","25 Nov 2018",2018," Lewis Hamilton ","Mercedes","55","1:39:40.382"
"1001","  Australia  ","17 Mar 2019",2019," Valtteri Bottas ","Mercedes","58","1:25:27.325"
"1002","  Bahrain  ","31 Mar 2019",2019," Lewis Hamilton ","Mercedes","57","1:34:21.295"
"1003","  China  ","14 Apr 2019",2019," Lewis Hamilton ","Mercedes","56","1:32:06.350"
"1004","  Azerbaijan  ","28 Apr 2019",2019," Valtteri Bottas ","Mercedes","51","1:31:52.942"
"1005","  Spain  ","12 May 2019",2019," Lewis Hamilton ","Mercedes","66","1:35:50.443"
"1006","  Monaco  ","26 May 2019",2019," Lewis Hamilton ","Mercedes","78","1:43:28.437"
"1007","  Canada  ","09 Jun 2019",2019," Lewis Hamilton ","Mercedes","70","1:29:07.084"
"1008","  France  ","23 Jun 2019",2019," Lewis Hamilton ","Mercedes","53","1:24:31.198"
"1009","  Austria  ","30 Jun 2019",2019," Max Verstappen ","Red Bull Racing Honda","71","1:22:01.822"
"1010","  Great Britain  ","14 Jul 2019",2019," Lewis Hamilton ","Mercedes","52","1:21:08.452"
"1011","  Germany  ","28 Jul 2019",2019," Max Verstappen ","Red Bull Racing Honda","64","1:44:31.275"
"1012","  Hungary  ","04 Aug 2019",2019," Lewis Hamilton ","Mercedes","70","1:35:03.796"
"1013","  Belgium  ","01 Sep 2019",2019," Charles Leclerc ","Ferrari","44","1:23:45.710"
"1014","  Italy  ","08 Sep 2019",2019," Charles Leclerc ","Ferrari","53","1:15:26.665"
"1015","  Singapore  ","22 Sep 2019",2019," Sebastian Vettel ","Ferrari","61","1:58:33.667"
"1016","  Russia  ","29 Sep 2019",2019," Lewis Hamilton ","Mercedes","53","1:33:38.992"
"1017","  Japan  ","13 Oct 2019",2019," Valtteri Bottas ","Mercedes","52","1:21:46.755"
"1018","  Mexico  ","27 Oct 2019",2019," Lewis Hamilton ","Mercedes","71","1:36:48.904"
"1019","  United States   ","03 Nov 2019",2019," Valtteri Bottas ","Mercedes","56","1:33:55.653"
"1020","  Brazil  ","17 Nov 2019",2019," Max Verstappen ","Red Bull Racing Honda","71","1:33:14.678"
"1021","  Abu Dhabi  ","01 Dec 2019",2019," Lewis Hamilton ","Mercedes","55","1:34:05.715"
"1022","  Austria  ","05 Jul 2020",2020," Valtteri Bottas ","Mercedes","71","1:30:55.739"
"1023","  Styria  ","12 Jul 2020",2020," Lewis Hamilton ","Mercedes","71","1:22:50.683"
"1024","  Hungary  ","19 Jul 2020",2020," Lewis Hamilton ","Mercedes","70","1:36:12.473"
"1025","  Great Britain  ","02 Aug 2020",2020," Lewis Hamilton ","Mercedes","52","1:28:01.283"
"1026","  70th Anniversary  ","09 Aug 2020",2020," Max Verstappen ","Red Bull Racing Honda","52","1:19:41.993"
"1027","  Spain  ","16 Aug 2020",2020," Lewis Hamilton ","Mercedes","66","1:31:45.279"
"1028","  Belgium  ","30 Aug 2020",2020," Lewis Hamilton ","Mercedes","44","1:24:08.761"
"1029","  Italy  ","06 Sep 2020",2020," Pierre Gasly ","AlphaTauri Honda","53","1:47:06.056"
"1030","  Tuscany  ","13 Sep 2020",2020," Lewis Hamilton ","Mercedes","59","2:19:35.060"
"1031","  Russia  ","27 Sep 2020",2020," Valtteri Bottas ","Mercedes","53","1:34:00.364"
"1032","  Eifel  ","11 Oct 2020",2020," Lewis Hamilton ","Mercedes","60","1:35:49.641"
"1033","  Portugal  ","25 Oct 2020",2020," Lewis Hamilton ","Mercedes","66","1:29:56.828"
"1034","  Emilia Romagna  ","01 Nov 2020",2020," Lewis Hamilton ","Mercedes","63","1:28:32.430"
"1035","  Turkey  ","15 Nov 2020",2020," Lewis Hamilton ","Mercedes","58","1:42:19.313"
"1036","  Bahrain  ","29 Nov 2020",2020," Lewis Hamilton ","Mercedes","57","2:59:47.515"
"1037","  Sakhir  ","06 Dec 2020",2020," Sergio Perez ","Racing Point BWT Mercedes","87","1:31:15.114"
"1038","  Abu Dhabi  ","13 Dec 2020",2020," Max Verstappen ","Red Bull Racing Honda","55","1:36:28.645"
