"","Year","GrandPrix","Driver","Car","Time"
"1",1950,"Great Britain"," Nino Farina ","Alfa Romeo","1:50.600"
"2",1950,"Monaco"," Juan Manuel Fangio ","Alfa Romeo","1:51.000"
"3",1950,"Indianapolis 500"," Johnnie  Parsons ","Kurtis Kraft Offenhauser",""
"4",1950,"Switzerland"," Nino Farina ","Alfa Romeo","2:41.600"
"5",1950,"Belgium"," Nino Farina ","Alfa Romeo","4:34.100"
"6",1950,"France"," Juan Manuel Fangio ","Alfa Romeo","2:35.600"
"7",1950,"Italy"," Juan Manuel Fangio ","Alfa Romeo","2:00.000"
"8",1951,"Switzerland"," Juan Manuel Fangio ","Alfa Romeo","2:51.100"
"9",1951,"Indianapolis 500"," Lee Wallard ","Kurtis Kraft Offenhauser","1:07.260"
"10",1951,"Belgium"," Juan Manuel Fangio ","Alfa Romeo","4:22.100"
"11",1951,"France"," Juan Manuel Fangio ","Alfa Romeo","2:27.800"
"12",1951,"Great Britain"," Nino Farina ","Alfa Romeo","1:44.000"
"13",1951,"Germany"," Juan Manuel Fangio ","Alfa Romeo","9:55.800"
"14",1951,"Italy"," Nino Farina ","Alfa Romeo","1:56.500"
"15",1951,"Spain"," Juan Manuel Fangio ","Alfa Romeo","2:16.930"
"16",1952,"Switzerland"," Piero  Taruffi ","Ferrari","2:49.100"
"17",1952,"Indianapolis 500"," Bill  Vukovich  ","Kurtis Kraft Offenhauser","1:06.600"
"18",1952,"Belgium"," Alberto Ascari ","Ferrari","4:55.000"
"19",1952,"France"," Alberto Ascari ","Ferrari","2:17.300"
"20",1952,"Great Britain"," Alberto Ascari ","Ferrari","1:52.000"
"21",1952,"Germany"," Alberto Ascari ","Ferrari","10:05.100"
"22",1952,"Netherlands"," Alberto Ascari ","Ferrari","1:49.800"
"23",1952,"Italy"," Alberto Ascari ","Ferrari","2:06.100"
"24",1953,"Argentina"," Alberto Ascari ","Ferrari","1:48.400"
"25",1953,"Indianapolis 500"," Bill  Vukovich  ","Kurtis Kraft Offenhauser","1:06.240"
"26",1953,"Netherlands"," Luigi  Villoresi ","Ferrari","1:52.800"
"27",1953,"Belgium"," Jose Froilan Gonzalez ","Maserati","4:34.000"
"28",1953,"France"," Juan Manuel Fangio ","Maserati","2:41.100"
"29",1953,"Great Britain"," Alberto Ascari ","Ferrari","1:50.000"
"30",1953,"Germany"," Alberto Ascari ","Ferrari","9:56.000"
"31",1953,"Switzerland"," Alberto Ascari ","Ferrari","2:41.300"
"32",1953,"Italy"," Juan Manuel Fangio ","Maserati","2:04.500"
"33",1954,"Argentina"," Jose Froilan Gonzalez ","Ferrari","1:48.200"
"34",1954,"Indianapolis 500"," Jack McGrath ","Kurtis Kraft Offenhauser","1:04.040"
"35",1954,"Belgium"," Juan Manuel Fangio ","Maserati","4:25.500"
"36",1954,"France"," Hans  Herrmann ","Mercedes-Benz","2:32.900"
"37",1954,"Great Britain"," Alberto Ascari ","Maserati","1:50.000"
"38",1954,"Germany"," Karl Kling ","Mercedes-Benz","9:55.100"
"39",1954,"Switzerland"," Juan Manuel Fangio ","Mercedes-Benz","2:39.700"
"40",1954,"Italy"," Jose Froilan Gonzalez ","Ferrari","2:00.800"
"41",1954,"Spain"," Alberto Ascari ","Lancia","2:20.400"
"42",1955,"Argentina"," Juan Manuel Fangio ","Mercedes-Benz","1:48.300"
"43",1955,"Monaco"," Juan Manuel Fangio ","Mercedes-Benz","1:42.400"
"44",1955,"Indianapolis 500"," Bill  Vukovich  ","Kurtis Kraft Offenhauser","1:03.670"
"45",1955,"Belgium"," Juan Manuel Fangio ","Mercedes-Benz","4:20.600"
"46",1955,"Netherlands"," Roberto Mieres ","Maserati","1:40.900"
"47",1955,"Great Britain"," Stirling Moss ","Mercedes-Benz","2:00.400"
"48",1955,"Italy"," Stirling Moss ","Mercedes-Benz","2:46.900"
"49",1956,"Argentina"," Juan Manuel Fangio ","Ferrari","1:45.300"
"50",1956,"Monaco"," Juan Manuel Fangio ","Ferrari","1:44.400"
"51",1956,"Indianapolis 500"," Paul Russo ","Kurtis Kraft Novi","1:02.320"
"52",1956,"Belgium"," Stirling Moss ","Maserati","4:14.700"
"53",1956,"France"," Juan Manuel Fangio ","Ferrari","2:25.800"
"54",1956,"Great Britain"," Stirling Moss ","Maserati","1:43.200"
"55",1956,"Germany"," Juan Manuel Fangio ","Ferrari","9:41.600"
"56",1956,"Italy"," Stirling Moss ","Maserati","2:45.500"
"57",1957,"Argentina"," Stirling Moss ","Maserati","1:44.700"
"58",1957,"Monaco"," Juan Manuel Fangio ","Maserati","1:45.600"
"59",1957,"Indianapolis 500"," Jim Rathmann ","Epperly Offenhauser","1:02.750"
"60",1957,"France"," Luigi Musso ","Ferrari","2:22.400"
"61",1957,"Great Britain"," Stirling Moss ","Vanwall","1:59.200"
"62",1957,"Germany"," Juan Manuel Fangio ","Maserati","9:17.400"
"63",1957,"Pescara"," Stirling Moss ","Vanwall","9:44.600"
"64",1957,"Italy"," Tony Brooks ","Vanwall","1:43.700"
"65",1958,"Argentina"," Juan Manuel Fangio ","Maserati","1:41.800"
"66",1958,"Monaco"," Mike Hawthorn ","Ferrari","1:40.600"
"67",1958,"Netherlands"," Stirling Moss ","Vanwall","1:37.600"
"68",1958,"Indianapolis 500"," Tony  Bettenhausen ","Epperly Offenhauser","1:02.370"
"69",1958,"Belgium"," Mike Hawthorn ","Ferrari","3:58.300"
"70",1958,"France"," Mike Hawthorn ","Ferrari","2:24.900"
"71",1958,"Great Britain"," Mike Hawthorn ","Ferrari","1:40.800"
"72",1958,"Germany"," Stirling Moss ","Vanwall","9:09.200"
"73",1958,"Portugal"," Mike Hawthorn ","Ferrari","2:32.270"
"74",1958,"Italy"," Phil Hill ","Ferrari","1:42.900"
"75",1958,"Morocco"," Stirling Moss ","Vanwall","2:22.500"
"76",1959,"Monaco"," Jack Brabham ","Cooper Climax","1:40.400"
"77",1959,"Indianapolis 500"," Johnny Thomson ","Lesovsky Offenhauser","1:01.890"
"78",1959,"Netherlands"," Stirling Moss ","Cooper Climax","1:36.700"
"79",1959,"France"," Stirling Moss ","BRM","2:22.800"
"80",1959,"Great Britain"," Stirling Moss ","BRM","1:57.000"
"81",1959,"Germany"," Tony Brooks ","Ferrari","2:04.500"
"82",1959,"Portugal"," Stirling Moss ","Cooper Climax","2:05.070"
"83",1959,"Italy"," Phil Hill ","Ferrari","1:40.400"
"84",1959,"United States "," Maurice  Trintignant ","Cooper Climax","3:05.000"
"85",1960,"Argentina"," Stirling Moss ","Cooper Climax","1:38.900"
"86",1960,"Monaco"," Bruce McLaren ","Lotus Climax","1:36.200"
"87",1960,"Indianapolis 500"," Jim Rathmann ","Watson Offenhauser","1:01.590"
"88",1960,"Netherlands"," Stirling Moss ","Lotus Climax","1:33.800"
"89",1960,"Belgium"," Phil Hill ","Ferrari","3:51.900"
"90",1960,"France"," Jack Brabham ","Cooper Climax","2:17.500"
"91",1960,"Great Britain"," Graham Hill ","BRM","1:34.400"
"92",1960,"Portugal"," John Surtees ","Lotus Climax","2:27.530"
"93",1960,"Italy"," Phil Hill ","Ferrari","2:43.600"
"94",1960,"United States "," Jack Brabham ","Cooper Climax","1:56.300"
"95",1961,"Monaco"," Richie Ginther ","Ferrari","1:36.300"
"96",1961,"Netherlands"," Jim Clark ","Lotus Climax","1:35.500"
"97",1961,"Belgium"," Richie Ginther ","Ferrari","3:59.800"
"98",1961,"France"," Phil Hill ","Ferrari","2:27.100"
"99",1961,"Great Britain"," Tony Brooks ","BRM Climax","1:57.800"
"100",1961,"Germany"," Phil Hill ","Ferrari","8:57.800"
"101",1961,"Italy"," Giancarlo Baghetti ","Ferrari","2:48.400"
"102",1961,"United States "," Jack Brabham ","Cooper Climax","1:18.200"
"103",1962,"Netherlands"," Bruce McLaren ","Cooper Climax","1:34.400"
"104",1962,"Monaco"," Jim Clark ","Lotus Climax","1:35.500"
"105",1962,"Belgium"," Jim Clark ","Lotus Climax","3:55.600"
"106",1962,"France"," Graham Hill ","BRM","2:16.900"
"107",1962,"Great Britain"," Jim Clark ","Lotus Climax","1:55.000"
"108",1962,"Germany"," Graham Hill ","BRM","10:12.200"
"109",1962,"Italy"," Graham Hill ","BRM","1:42.300"
"110",1962,"United States "," Jim Clark ","Lotus Climax","1:15.000"
"111",1962,"South Africa"," Jim Clark ","Lotus Climax","1:31.000"
"112",1963,"Monaco"," John Surtees ","Ferrari","1:34.500"
"113",1963,"Belgium"," Jim Clark ","Lotus Climax","3:58.100"
"114",1963,"Netherlands"," Jim Clark ","Lotus Climax","1:33.700"
"115",1963,"France"," Jim Clark ","Lotus Climax","2:21.600"
"116",1963,"Great Britain"," John Surtees ","Ferrari","1:36.000"
"117",1963,"Germany"," John Surtees ","Ferrari","8:47.000"
"118",1963,"Italy"," Jim Clark ","Lotus Climax","1:38.900"
"119",1963,"United States "," Jim Clark ","Lotus Climax","1:14.500"
"120",1963,"Mexico"," Jim Clark ","Lotus Climax","1:58.100"
"121",1963,"South Africa"," Dan Gurney ","Brabham Climax","1:29.100"
"122",1964,"Monaco"," Graham Hill ","BRM","1:33.900"
"123",1964,"Netherlands"," Jim Clark ","Lotus Climax","1:32.800"
"124",1964,"Belgium"," Dan Gurney ","Brabham Ford","3:49.200"
"125",1964,"France"," Jack Brabham ","Brabham Ford","2:11.400"
"126",1964,"Great Britain"," Jim Clark ","Lotus Climax","1:38.800"
"127",1964,"Germany"," John Surtees ","Ferrari","8:39.000"
"128",1964,"Austria"," Dan Gurney ","Brabham Ford","1:10.560"
"129",1964,"Italy"," John Surtees ","Ferrari","1:38.800"
"130",1964,"United States "," Jim Clark ","Lotus Climax","1:12.700"
"131",1964,"Mexico"," Jim Clark ","Lotus Climax","1:58.370"
"132",1965,"South Africa"," Jim Clark ","Lotus Climax","1:27.600"
"133",1965,"Monaco"," Graham Hill ","BRM","1:31.700"
"134",1965,"Belgium"," Jim Clark ","Lotus Climax","4:12.900"
"135",1965,"France"," Jim Clark ","Lotus Climax","3:18.900"
"136",1965,"Great Britain"," Graham Hill ","BRM","1:32.200"
"137",1965,"Netherlands"," Jim Clark ","Lotus Climax","1:30.600"
"138",1965,"Germany"," Jim Clark ","Lotus Climax","8:24.100"
"139",1965,"Italy"," Jim Clark ","Lotus Climax","1:36.400"
"140",1965,"United States "," Graham Hill ","BRM","1:11.900"
"141",1965,"Mexico"," Dan Gurney ","Brabham Climax","1:55.840"
"142",1966,"Monaco"," Lorenzo Bandini ","Ferrari","1:29.800"
"143",1966,"Belgium"," John Surtees ","Ferrari","4:18.700"
"144",1966,"France"," Lorenzo Bandini ","Ferrari","2:11.300"
"145",1966,"Great Britain"," Jack Brabham ","Brabham Climax","1:37.000"
"146",1966,"Netherlands"," Denny Hulme ","Brabham Climax","1:30.600"
"147",1966,"Germany"," John Surtees ","Cooper Maserati","8:49.000"
"148",1966,"Italy"," Ludovico Scarfiotti ","Ferrari","1:32.400"
"149",1966,"United States "," John Surtees ","Cooper Maserati","1:09.670"
"150",1966,"Mexico"," Richie Ginther ","Honda","1:53.750"
"151",1967,"South Africa"," Denny Hulme ","Brabham Repco","1:29.900"
"152",1967,"Monaco"," Jim Clark ","Lotus Climax","1:29.500"
"153",1967,"Netherlands"," Jim Clark ","Lotus Climax","1:28.080"
"154",1967,"Belgium"," Dan Gurney ","Eagle Climax","3:31.900"
"155",1967,"France"," Graham Hill ","Lotus Climax","1:36.700"
"156",1967,"Great Britain"," Denny Hulme ","Brabham Repco","1:27.000"
"157",1967,"Germany"," Dan Gurney ","Eagle Climax","8:15.100"
"158",1967,"Canada"," Jim Clark ","Lotus Climax","1:23.100"
"159",1967,"Italy"," Jim Clark ","Lotus Climax","1:28.500"
"160",1967,"United States "," Graham Hill ","Lotus Climax","1:06.000"
"161",1967,"Mexico"," Jim Clark ","Lotus Climax","1:48.130"
"162",1968,"South Africa"," Jim Clark ","Lotus Ford","1:23.700"
"163",1968,"Spain"," Jean-Pierre Beltoise ","Matra Ford","1:28.300"
"164",1968,"Monaco"," Richard Attwood ","BRM","1:28.100"
"165",1968,"Belgium"," John Surtees ","Honda","3:30.500"
"166",1968,"Netherlands"," Jean-Pierre Beltoise ","Matra Ford","1:45.910"
"167",1968,"France"," Pedro Rodriguez ","BRM","2:11.500"
"168",1968,"Great Britain"," Jo Siffert ","Lotus Ford","1:29.700"
"169",1968,"Germany"," Jackie Stewart ","Matra Ford","9:36.000"
"170",1968,"Italy"," Jackie Oliver ","Lotus Ford","1:26.500"
"171",1968,"Canada"," Jo Siffert ","Lotus Ford","1:35.100"
"172",1968,"United States "," Jackie Stewart ","Matra Ford","1:05.220"
"173",1968,"Mexico"," Jo Siffert ","Lotus Ford","1:44.230"
"174",1969,"South Africa"," Jackie Stewart ","Matra Ford","1:21.600"
"175",1969,"Spain"," Jochen Rindt ","Lotus Ford","1:28.300"
"176",1969,"Monaco"," Jackie Stewart ","Matra Ford","1:25.100"
"177",1969,"Netherlands"," Jackie Stewart ","Matra Ford","1:22.940"
"178",1969,"France"," Jackie Stewart ","Matra Ford","3:02.700"
"179",1969,"Great Britain"," Jackie Stewart ","Matra Ford","1:21.300"
"180",1969,"Germany"," Jacky Ickx ","Brabham Climax","7:43.800"
"181",1969,"Italy"," Jean-Pierre Beltoise ","Matra Ford","1:25.200"
"182",1969,"Canada"," Jacky Ickx ","Brabham Climax","1:18.100"
"183",1969,"United States "," Jochen Rindt ","Lotus Ford","1:04.340"
"184",1969,"Mexico"," Jacky Ickx ","Brabham Climax","1:43.050"
"185",1970,"South Africa"," John Surtees ","McLaren Ford","1:20.800"
"186",1970,"Spain"," Jack Brabham ","Brabham Ford","1:24.300"
"187",1970,"Monaco"," Jochen Rindt ","Lotus Ford","1:23.200"
"188",1970,"Belgium"," Chris Amon ","March Ford","3:27.400"
"189",1970,"Netherlands"," Jacky Ickx ","Ferrari","1:19.230"
"190",1970,"France"," Jack Brabham ","Brabham Ford","3:00.750"
"191",1970,"Great Britain"," Jack Brabham ","Brabham Ford","1:25.900"
"192",1970,"Germany"," Jacky Ickx ","Ferrari","2:00.500"
"193",1970,"Austria"," Jacky Ickx ","Ferrari","1:40.400"
"194",1970,"Italy"," Clay Regazzoni ","Ferrari","1:25.200"
"195",1970,"Canada"," Clay Regazzoni ","Ferrari","1:32.200"
"196",1970,"United States "," Jacky Ickx ","Ferrari","1:02.740"
"197",1970,"Mexico"," Jacky Ickx ","Ferrari","1:43.110"
"198",1971,"South Africa"," Mario Andretti ","Ferrari","1:20.300"
"199",1971,"Spain"," Jacky Ickx ","Ferrari","1:25.100"
"200",1971,"Monaco"," Jackie Stewart ","Tyrrell Ford","1:22.200"
"201",1971,"Netherlands"," Jacky Ickx ","Ferrari","1:34.950"
"202",1971,"France"," Jackie Stewart ","Tyrrell Ford","1:54.090"
"203",1971,"Great Britain"," Jackie Stewart ","Tyrrell Ford","1:19.900"
"204",1971,"Germany"," Francois  Cevert  ","Tyrrell Ford","7:20.100"
"205",1971,"Austria"," Jo Siffert ","BRM","1:38.470"
"206",1971,"Italy"," Henri Pescarolo ","March Ford","1:23.800"
"207",1971,"Canada"," Denny Hulme ","McLaren Ford","1:43.500"
"208",1971,"United States "," Jacky Ickx ","Ferrari","1:43.474"
"209",1972,"Argentina"," Jackie Stewart ","Tyrrell Ford","1:13.660"
"210",1972,"South Africa"," Mike Hailwood ","Surtees Ford","1:18.900"
"211",1972,"Spain"," Jacky Ickx ","Ferrari","1:21.010"
"212",1972,"Monaco"," Jean-Pierre Beltoise ","BRM","1:40.000"
"213",1972,"Belgium"," Chris Amon ","Matra","1:12.120"
"214",1972,"France"," Chris Amon ","Matra","2:53.900"
"215",1972,"Great Britain"," Jackie Stewart ","Tyrrell Ford","1:24.000"
"216",1972,"Germany"," Jacky Ickx ","Ferrari","7:13.600"
"217",1972,"Austria"," Denny Hulme ","McLaren Ford","1:38.320"
"218",1972,"Italy"," Jacky Ickx ","Ferrari","1:36.300"
"219",1972,"Canada"," Jackie Stewart ","Tyrrell Ford","1:15.700"
"220",1972,"United States "," Jackie Stewart ","Tyrrell Ford","1:41.644"
"221",1973,"Argentina"," Emerson Fittipaldi ","Lotus Ford","1:11.220"
"222",1973,"Brazil"," Emerson Fittipaldi ","Lotus Ford","2:35.000"
"223",1973,"South Africa"," Emerson Fittipaldi ","Lotus Ford","1:17.100"
"224",1973,"Spain"," Ronnie Peterson ","Lotus Ford","1:23.800"
"225",1973,"Belgium"," Francois  Cevert  ","Tyrrell Ford","1:25.420"
"226",1973,"Monaco"," Emerson Fittipaldi ","Lotus Ford","1:28.100"
"227",1973,"Sweden"," Denny Hulme ","McLaren Ford","1:26.146"
"228",1973,"France"," Denny Hulme ","McLaren Ford","1:50.990"
"229",1973,"Great Britain"," James Hunt ","March Ford","1:18.600"
"230",1973,"Netherlands"," Ronnie Peterson ","Lotus Ford","1:20.310"
"231",1973,"Germany"," Carlos Pace ","Surtees Ford","7:11.400"
"232",1973,"Austria"," Carlos Pace ","Surtees Ford","1:37.290"
"233",1973,"Italy"," Jackie Stewart ","Tyrrell Ford","1:35.300"
"234",1973,"Canada"," Emerson Fittipaldi ","Lotus Ford","1:15.496"
"235",1973,"United States "," James Hunt ","March Ford","1:41.652"
"236",1974,"Argentina"," Clay Regazzoni ","Ferrari","1:52.100"
"237",1974,"Brazil"," Clay Regazzoni ","Ferrari","2:36.050"
"238",1974,"South Africa"," Carlos Reutemann ","Brabham Ford","1:18.160"
"239",1974,"Spain"," Niki Lauda ","Ferrari","1:20.830"
"240",1974,"Belgium"," Denny Hulme ","McLaren Ford","1:11.310"
"241",1974,"Monaco"," Ronnie Peterson ","Lotus Ford","1:27.900"
"242",1974,"Sweden"," Patrick Depailler ","Tyrrell Ford","1:27.262"
"243",1974,"Netherlands"," Ronnie Peterson ","Lotus Ford","1:21.440"
"244",1974,"France"," Jody Scheckter ","Tyrrell Ford","1:00.000"
"245",1974,"Great Britain"," Niki Lauda ","Ferrari","1:21.100"
"246",1974,"Germany"," Jody Scheckter ","Tyrrell Ford","7:11.100"
"247",1974,"Austria"," Clay Regazzoni ","Ferrari","1:37.220"
"248",1974,"Italy"," Carlos Pace ","Brabham Ford","1:34.200"
"249",1974,"Canada"," Niki Lauda ","Ferrari","1:13.659"
"250",1974,"United States "," Carlos Pace ","Brabham Ford","1:40.608"
"251",1975,"Argentina"," James Hunt ","Hesketh Ford","1:50.910"
"252",1975,"Brazil"," Jean-Pierre Jarier ","Shadow Matra","2:34.160"
"253",1975,"South Africa"," Carlos Pace ","Brabham Ford","1:17.200"
"254",1975,"Spain"," Mario Andretti ","Parnelli Ford","1:25.100"
"255",1975,"Monaco"," Patrick Depailler ","Tyrrell Ford","1:28.670"
"256",1975,"Belgium"," Clay Regazzoni ","Ferrari","1:26.760"
"257",1975,"Sweden"," Niki Lauda ","Ferrari","1:28.267"
"258",1975,"Netherlands"," Niki Lauda ","Ferrari","1:21.540"
"259",1975,"France"," Jochen Mass ","McLaren Ford","1:50.600"
"260",1975,"Great Britain"," Clay Regazzoni ","Ferrari","1:20.900"
"261",1975,"Germany"," Clay Regazzoni ","Ferrari","7:06.400"
"262",1975,"Austria"," Vittorio Brambilla ","March Ford","1:53.900"
"263",1975,"Italy"," Clay Regazzoni ","Ferrari","1:33.100"
"264",1975,"United States "," Emerson Fittipaldi ","McLaren Ford","1:43.374"
"265",1976,"Brazil"," Jean-Pierre Jarier ","Shadow Ford","2:35.070"
"266",1976,"South Africa"," Niki Lauda ","Ferrari","1:17.970"
"267",1976,"USA West "," Clay Regazzoni ","Ferrari","1:23.076"
"268",1976,"Spain"," Jochen Mass ","McLaren Ford","1:20.930"
"269",1976,"Belgium"," Niki Lauda ","Ferrari","1:25.980"
"270",1976,"Monaco"," Clay Regazzoni ","Ferrari","1:30.280"
"271",1976,"Sweden"," Mario Andretti ","Lotus Ford","1:28.002"
"272",1976,"France"," Niki Lauda ","Ferrari","1:51.000"
"273",1976,"Great Britain"," Niki Lauda ","Ferrari","1:19.910"
"274",1976,"Germany"," Jody Scheckter ","Tyrrell Ford","7:10.800"
"275",1976,"Austria"," James Hunt ","McLaren Ford","1:35.910"
"276",1976,"Netherlands"," Clay Regazzoni ","Ferrari","1:22.590"
"277",1976,"Italy"," Ronnie Peterson ","March Ford","1:41.300"
"278",1976,"Canada"," Patrick Depailler ","Tyrrell Ford","1:13.817"
"279",1976,"USA East "," James Hunt ","McLaren Ford","1:42.851"
"280",1976,"Japan"," Jacques Laffite ","Ligier Matra","1:19.970"
"281",1977,"Argentina"," James Hunt ","McLaren Ford","1:51.060"
"282",1977,"Brazil"," James Hunt ","McLaren Ford","2:34.550"
"283",1977,"South Africa"," John Watson ","Brabham Alfa Romeo","1:17.630"
"284",1977,"USA West "," Niki Lauda ","Ferrari","1:22.753"
"285",1977,"Spain"," Jacques Laffite ","Ligier Matra","1:20.810"
"286",1977,"Monaco"," Jody Scheckter ","Wolf Ford","1:31.070"
"287",1977,"Belgium"," Gunnar Nilsson ","Lotus Ford","1:27.540"
"288",1977,"Sweden"," Mario Andretti ","Lotus Ford","1:27.607"
"289",1977,"France"," Mario Andretti ","Lotus Ford","1:13.750"
"290",1977,"Great Britain"," James Hunt ","McLaren Ford","1:19.600"
"291",1977,"Germany"," Niki Lauda ","Ferrari","1:55.990"
"292",1977,"Austria"," John Watson ","Brabham Alfa Romeo","1:40.960"
"293",1977,"Netherlands"," Niki Lauda ","Ferrari","1:19.990"
"294",1977,"Italy"," Mario Andretti ","Lotus Ford","1:39.100"
"295",1977,"USA East "," Ronnie Peterson ","Tyrrell Ford","1:51.854"
"296",1977,"Canada"," Mario Andretti ","Lotus Ford","1:13.299"
"297",1977,"Japan"," Jody Scheckter ","Wolf Ford","1:14.300"
"298",1978,"Argentina"," Gilles Villeneuve ","Ferrari","1:49.760"
"299",1978,"Brazil"," Carlos Reutemann ","Ferrari","1:43.070"
"300",1978,"South Africa"," Mario Andretti ","Lotus Ford","1:17.090"
"301",1978,"USA West "," Alan  Jones ","Williams Ford","1:22.215"
"302",1978,"Monaco"," Niki Lauda ","Brabham Alfa Romeo","1:28.650"
"303",1978,"Belgium"," Ronnie Peterson ","Lotus Ford","1:23.130"
"304",1978,"Spain"," Mario Andretti ","Lotus Ford","1:20.060"
"305",1978,"Sweden"," Niki Lauda ","Brabham Alfa Romeo","1:24.836"
"306",1978,"France"," Carlos Reutemann ","Ferrari","1:48.560"
"307",1978,"Great Britain"," Niki Lauda ","Brabham Alfa Romeo","1:18.600"
"308",1978,"Germany"," Ronnie Peterson ","Lotus Ford","1:55.620"
"309",1978,"Austria"," Ronnie Peterson ","Lotus Ford","1:43.120"
"310",1978,"Netherlands"," Niki Lauda ","Brabham Alfa Romeo","1:19.570"
"311",1978,"Italy"," Mario Andretti ","Lotus Ford","1:38.230"
"312",1978,"USA East "," Jean-Pierre Jarier ","Lotus Ford","1:39.557"
"313",1978,"Canada"," Alan  Jones ","Williams Ford","1:38.072"
"314",1979,"Argentina"," Jacques Laffite ","Ligier Ford","1:46.910"
"315",1979,"Brazil"," Jacques Laffite ","Ligier Ford","2:28.760"
"316",1979,"South Africa"," Gilles Villeneuve ","Ferrari","1:14.412"
"317",1979,"USA West "," Gilles Villeneuve ","Ferrari","1:21.200"
"318",1979,"Spain"," Gilles Villeneuve ","Ferrari","1:16.440"
"319",1979,"Belgium"," Gilles Villeneuve ","Ferrari","1:23.090"
"320",1979,"Monaco"," Patrick Depailler ","Ligier Ford","1:28.820"
"321",1979,"France"," Rene Arnoux ","Renault","1:09.160"
"322",1979,"Great Britain"," Clay Regazzoni ","Williams Ford","1:14.400"
"323",1979,"Germany"," Gilles Villeneuve ","Ferrari","1:51.890"
"324",1979,"Austria"," Rene Arnoux ","Renault","1:35.770"
"325",1979,"Netherlands"," Gilles Villeneuve ","Ferrari","1:19.438"
"326",1979,"Italy"," Clay Regazzoni ","Williams Ford","1:35.600"
"327",1979,"Canada"," Alan  Jones ","Williams Ford","1:31.272"
"328",1979,"USA East "," Nelson Piquet ","Brabham Ford","1:40.054"
"329",1980,"Argentina"," Alan  Jones ","Williams Ford","1:50.450"
"330",1980,"Brazil"," Rene Arnoux ","Renault","2:27.310"
"331",1980,"South Africa"," Rene Arnoux ","Renault","1:13.150"
"332",1980,"USA West "," Nelson Piquet ","Brabham Ford","1:19.830"
"333",1980,"Belgium"," Jacques Laffite ","Ligier Ford","1:20.880"
"334",1980,"Monaco"," Carlos Reutemann ","Williams Ford","1:27.418"
"335",1980,"France"," Alan  Jones ","Williams Ford","1:41.450"
"336",1980,"Great Britain"," Didier Pironi ","Ligier Ford","1:12.368"
"337",1980,"Germany"," Alan  Jones ","Williams Ford","1:48.490"
"338",1980,"Austria"," Rene Arnoux ","Renault","1:32.530"
"339",1980,"Netherlands"," Rene Arnoux ","Renault","1:19.350"
"340",1980,"Italy"," Alan  Jones ","Williams Ford","1:36.089"
"341",1980,"Canada"," Didier Pironi ","Ligier Ford","1:28.769"
"342",1980,"USA East "," Alan  Jones ","Williams Ford","1:34.068"
"343",1981,"USA West "," Alan  Jones ","Williams Ford","1:20.901"
"344",1981,"Brazil"," Marc Surer ","Ensign Ford","1:54.302"
"345",1981,"Argentina"," Nelson Piquet ","Brabham Ford","1:45.287"
"346",1981,"San Marino"," Gilles Villeneuve ","Ferrari","1:48.064"
"347",1981,"Belgium"," Carlos Reutemann ","Williams Ford","1:23.300"
"348",1981,"Monaco"," Alan  Jones ","Williams Ford","1:27.470"
"349",1981,"Spain"," Alan  Jones ","Williams Ford","1:17.818"
"350",1981,"France"," Alain Prost ","Renault","1:09.140"
"351",1981,"Great Britain"," Rene Arnoux ","Renault","1:15.067"
"352",1981,"Germany"," Alan  Jones ","Williams Ford","1:52.420"
"353",1981,"Austria"," Jacques Laffite ","Ligier Matra","1:37.620"
"354",1981,"Netherlands"," Alan  Jones ","Williams Ford","1:21.830"
"355",1981,"Italy"," Carlos Reutemann ","Williams Ford","1:37.528"
"356",1981,"Canada"," John Watson ","McLaren Ford","1:49.475"
"357",1981,"Las Vegas "," Didier Pironi ","Ferrari","1:20.156"
"358",1982,"South Africa"," Alain Prost ","Renault","1:08.278"
"359",1982,"Brazil"," Alain Prost ","Renault","1:37.016"
"360",1982,"USA West "," Niki Lauda ","McLaren Ford","1:30.831"
"361",1982,"San Marino"," Didier Pironi ","Ferrari","1:35.036"
"362",1982,"Belgium"," John Watson ","McLaren Ford","1:20.214"
"363",1982,"Monaco"," Riccardo Patrese ","Brabham Ford","1:26.354"
"364",1982,"Detroit"," Alain Prost ","Renault","1:50.438"
"365",1982,"Canada"," Didier Pironi ","Ferrari","1:28.323"
"366",1982,"Netherlands"," Derek Warwick ","Toleman Hart","1:19.780"
"367",1982,"Great Britain"," Brian Henton ","Tyrrell Ford","1:13.028"
"368",1982,"France"," Riccardo Patrese ","Brabham Ford","1:40.075"
"369",1982,"Germany"," Nelson Piquet ","Brabham Ford","1:54.035"
"370",1982,"Austria"," Nelson Piquet ","Brabham Ford","1:33.699"
"371",1982,"Switzerland"," Alain Prost ","Renault","1:07.477"
"372",1982,"Italy"," Rene Arnoux ","Renault","1:33.619"
"373",1982,"Las Vegas "," Michele Alboreto ","Tyrrell Ford","1:19.639"
"374",1983,"Brazil"," Nelson Piquet ","Brabham BMW","1:39.829"
"375",1983,"USA West "," Niki Lauda ","McLaren TAG","1:28.330"
"376",1983,"France"," Alain Prost ","Renault","1:42.695"
"377",1983,"San Marino"," Riccardo Patrese ","Brabham BMW","1:34.437"
"378",1983,"Monaco"," Nelson Piquet ","Brabham BMW","1:27.283"
"379",1983,"Belgium"," Andrea de Cesaris ","Alfa Romeo","2:07.493"
"380",1983,"Detroit"," John Watson ","McLaren TAG","1:47.668"
"381",1983,"Canada"," Patrick Tambay ","Ferrari","1:30.851"
"382",1983,"Great Britain"," Alain Prost ","Renault","1:14.212"
"383",1983,"Germany"," Rene Arnoux ","Ferrari","1:53.938"
"384",1983,"Austria"," Alain Prost ","Renault","1:33.961"
"385",1983,"Netherlands"," Rene Arnoux ","Ferrari","1:19.863"
"386",1983,"Italy"," Nelson Piquet ","Brabham BMW","1:34.431"
"387",1983,"Europe"," Nigel Mansell ","Lotus Ford","1:14.342"
"388",1983,"South Africa"," Nelson Piquet ","Brabham BMW","1:09.948"
"389",1984,"Brazil"," Alain Prost ","McLaren TAG","1:36.499"
"390",1984,"South Africa"," Patrick Tambay ","Renault","1:08.877"
"391",1984,"Belgium"," Rene Arnoux ","Ferrari","1:19.294"
"392",1984,"San Marino"," Nelson Piquet ","Brabham BMW","1:33.275"
"393",1984,"France"," Alain Prost ","McLaren TAG","1:05.257"
"394",1984,"Monaco"," Ayrton Senna ","Toleman Hart","1:54.334"
"395",1984,"Canada"," Nelson Piquet ","Brabham BMW","1:28.763"
"396",1984,"Detroit "," Derek Warwick ","Renault","1:46.221"
"397",1984,"Dallas "," Niki Lauda ","McLaren TAG","1:45.353"
"398",1984,"Great Britain"," Niki Lauda ","McLaren TAG","1:13.191"
"399",1984,"Germany"," Alain Prost ","McLaren TAG","1:53.538"
"400",1984,"Austria"," Niki Lauda ","McLaren TAG","1:32.882"
"401",1984,"Netherlands"," Rene Arnoux ","Ferrari","1:19.465"
"402",1984,"Italy"," Niki Lauda ","McLaren TAG","1:31.912"
"403",1984,"Europe"," Nelson Piquet ","Brabham BMW","1:23.146"
"404",1984,"Portugal"," Niki Lauda ","McLaren TAG","1:22.996"
"405",1985,"Brazil"," Alain Prost ","McLaren TAG","1:36.702"
"406",1985,"Portugal"," Ayrton Senna ","Lotus Renault","1:44.121"
"407",1985,"San Marino"," Michele Alboreto ","Ferrari","1:30.961"
"408",1985,"Monaco"," Michele Alboreto ","Ferrari","1:22.637"
"409",1985,"Canada"," Ayrton Senna ","Lotus Renault","1:27.445"
"410",1985,"Detroit"," Ayrton Senna ","Lotus Renault","1:45.612"
"411",1985,"France"," Keke Rosberg ","Williams Honda","1:39.914"
"412",1985,"Great Britain"," Alain Prost ","McLaren TAG","1:09.886"
"413",1985,"Germany"," Niki Lauda ","McLaren TAG","1:22.806"
"414",1985,"Austria"," Alain Prost ","McLaren TAG","1:29.241"
"415",1985,"Netherlands"," Alain Prost ","McLaren TAG","1:16.538"
"416",1985,"Italy"," Nigel Mansell ","Williams Honda","1:28.283"
"417",1985,"Belgium"," Alain Prost ","McLaren TAG","2:01.730"
"418",1985,"Europe"," Jacques Laffite ","Ligier Renault","1:11.526"
"419",1985,"South Africa"," Keke Rosberg ","Williams Honda","1:08.149"
"420",1985,"Australia"," Keke Rosberg ","Williams Honda","1:23.758"
"421",1986,"Brazil"," Nelson Piquet ","Williams Honda","1:33.546"
"422",1986,"Spain"," Nigel Mansell ","Williams Honda","1:27.176"
"423",1986,"San Marino"," Nelson Piquet ","Williams Honda","1:28.667"
"424",1986,"Monaco"," Alain Prost ","McLaren TAG","1:26.607"
"425",1986,"Belgium"," Alain Prost ","McLaren TAG","1:59.282"
"426",1986,"Canada"," Nelson Piquet ","Williams Honda","1:25.443"
"427",1986,"Detroit"," Nelson Piquet ","Williams Honda","1:41.233"
"428",1986,"France"," Nigel Mansell ","Williams Honda","1:09.993"
"429",1986,"Great Britain"," Nigel Mansell ","Williams Honda","1:09.593"
"430",1986,"Germany"," Gerhard Berger ","Benetton BMW","1:46.604"
"431",1986,"Hungary"," Nelson Piquet ","Williams Honda","1:31.001"
"432",1986,"Austria"," Gerhard Berger ","Benetton BMW","1:29.444"
"433",1986,"Italy"," Teo Fabi ","Benetton BMW","1:28.099"
"434",1986,"Portugal"," Nigel Mansell ","Williams Honda","1:20.943"
"435",1986,"Mexico"," Nelson Piquet ","Williams Honda","1:19.360"
"436",1986,"Australia"," Nelson Piquet ","Williams Honda","1:20.787"
"437",1987,"Brazil"," Nelson Piquet ","Williams Honda","1:33.861"
"438",1987,"San Marino"," Teo Fabi ","Benetton Ford","1:29.246"
"439",1987,"Belgium"," Alain Prost ","McLaren TAG","1:57.153"
"440",1987,"Monaco"," Ayrton Senna ","Lotus Honda","1:27.685"
"441",1987,"Detroit"," Ayrton Senna ","Lotus Honda","1:40.464"
"442",1987,"France"," Nelson Piquet ","Williams Honda","1:09.548"
"443",1987,"Great Britain"," Nigel Mansell ","Williams Honda","1:09.832"
"444",1987,"Germany"," Nigel Mansell ","Williams Honda","1:45.716"
"445",1987,"Hungary"," Nelson Piquet ","Williams Honda","1:30.149"
"446",1987,"Austria"," Nigel Mansell ","Williams Honda","1:28.318"
"447",1987,"Italy"," Ayrton Senna ","Lotus Honda","1:26.796"
"448",1987,"Portugal"," Gerhard Berger ","Ferrari","1:19.282"
"449",1987,"Spain"," Gerhard Berger ","Ferrari","1:26.986"
"450",1987,"Mexico"," Nelson Piquet ","Williams Honda","1:19.132"
"451",1987,"Japan"," Alain Prost ","McLaren TAG","1:43.844"
"452",1987,"Australia"," Gerhard Berger ","Ferrari","1:20.416"
"453",1988,"Brazil"," Gerhard Berger ","Ferrari","1:32.943"
"454",1988,"San Marino"," Alain Prost ","McLaren Honda","1:29.685"
"455",1988,"Monaco"," Ayrton Senna ","McLaren Honda","1:26.321"
"456",1988,"Mexico"," Alain Prost ","McLaren Honda","1:18.608"
"457",1988,"Canada"," Ayrton Senna ","McLaren Honda","1:24.973"
"458",1988,"Detroit"," Alain Prost ","McLaren Honda","1:44.836"
"459",1988,"France"," Alain Prost ","McLaren Honda","1:11.737"
"460",1988,"Great Britain"," Nigel Mansell ","Williams Judd","1:23.308"
"461",1988,"Germany"," Alessandro Nannini ","Benetton Ford","2:03.032"
"462",1988,"Hungary"," Alain Prost ","McLaren Honda","1:30.639"
"463",1988,"Belgium"," Gerhard Berger ","Ferrari","2:00.772"
"464",1988,"Italy"," Michele Alboreto ","Ferrari","1:29.070"
"465",1988,"Portugal"," Gerhard Berger ","Ferrari","1:21.961"
"466",1988,"Spain"," Alain Prost ","McLaren Honda","1:27.845"
"467",1988,"Japan"," Ayrton Senna ","McLaren Honda","1:46.326"
"468",1988,"Australia"," Alain Prost ","McLaren Honda","1:21.216"
"469",1989,"Brazil"," Riccardo Patrese ","Williams Renault","1:32.507"
"470",1989,"San Marino"," Alain Prost ","McLaren Honda","1:26.795"
"471",1989,"Monaco"," Alain Prost ","McLaren Honda","1:25.501"
"472",1989,"Mexico"," Nigel Mansell ","Ferrari","1:20.420"
"473",1989,"United States "," Ayrton Senna ","McLaren Honda","1:33.969"
"474",1989,"Canada"," Jonathan  Palmer ","Tyrrell Ford","1:31.925"
"475",1989,"France"," Mauricio Gugelmin ","March Judd","1:12.090"
"476",1989,"Great Britain"," Nigel Mansell ","Ferrari","1:12.017"
"477",1989,"Germany"," Ayrton Senna ","McLaren Honda","1:45.884"
"478",1989,"Hungary"," Nigel Mansell ","Ferrari","1:22.637"
"479",1989,"Belgium"," Alain Prost ","McLaren Honda","2:11.571"
"480",1989,"Italy"," Alain Prost ","McLaren Honda","1:28.107"
"481",1989,"Portugal"," Gerhard Berger ","Ferrari","1:18.986"
"482",1989,"Spain"," Ayrton Senna ","McLaren Honda","1:25.779"
"483",1989,"Japan"," Alain Prost ","McLaren Honda","1:43.506"
"484",1989,"Australia"," Satoru Nakajima ","Lotus Judd","1:38.480"
"485",1990,"United States  "," Gerhard Berger ","McLaren Honda","1:31.050"
"486",1990,"Brazil"," Gerhard Berger ","McLaren Honda","1:19.899"
"487",1990,"San Marino"," Alessandro Nannini ","Benetton Ford","1:27.156"
"488",1990,"Monaco"," Ayrton Senna ","McLaren Honda","1:24.468"
"489",1990,"Canada"," Gerhard Berger ","McLaren Honda","1:22.077"
"490",1990,"Mexico"," Alain Prost ","Ferrari","1:17.958"
"491",1990,"France"," Nigel Mansell ","Ferrari","1:08.012"
"492",1990,"Great Britain"," Nigel Mansell ","Ferrari","1:11.291"
"493",1990,"Germany"," Thierry Boutsen ","Williams Renault","1:45.602"
"494",1990,"Hungary"," Riccardo Patrese ","Williams Renault","1:22.058"
"495",1990,"Belgium"," Alain Prost ","Ferrari","1:55.087"
"496",1990,"Italy"," Ayrton Senna ","McLaren Honda","1:26.254"
"497",1990,"Portugal"," Riccardo Patrese ","Williams Renault","1:18.306"
"498",1990,"Spain"," Riccardo Patrese ","Williams Renault","1:24.513"
"499",1990,"Japan"," Riccardo Patrese ","Williams Renault","1:44.233"
"500",1990,"Australia"," Nigel Mansell ","Ferrari","1:18.203"
"501",1991,"United States "," Jean Alesi ","Ferrari","1:26.758"
"502",1991,"Brazil"," Nigel Mansell ","Williams Renault","1:20.436"
"503",1991,"San Marino"," Gerhard Berger ","McLaren Honda","1:26.531"
"504",1991,"Monaco"," Alain Prost ","Ferrari","1:24.368"
"505",1991,"Canada"," Nigel Mansell ","Williams Renault","1:22.385"
"506",1991,"Mexico"," Nigel Mansell ","Williams Renault","1:16.788"
"507",1991,"France"," Nigel Mansell ","Williams Renault","1:19.168"
"508",1991,"Great Britain"," Nigel Mansell ","Williams Renault","1:26.379"
"509",1991,"Germany"," Riccardo Patrese ","Williams Renault","1:43.569"
"510",1991,"Hungary"," Bertrand Gachot ","Jordan Ford","1:21.547"
"511",1991,"Belgium"," Roberto Moreno ","Benetton Ford","1:55.161"
"512",1991,"Italy"," Ayrton Senna ","McLaren Honda","1:26.061"
"513",1991,"Portugal"," Nigel Mansell ","Williams Renault","1:18.179"
"514",1991,"Spain"," Riccardo Patrese ","Williams Renault","1:22.837"
"515",1991,"Japan"," Ayrton Senna ","McLaren Honda","1:41.532"
"516",1991,"Australia"," Gerhard Berger ","McLaren Honda","1:41.141"
"517",1992,"South Africa"," Nigel Mansell ","Williams Renault","1:17.578"
"518",1992,"Mexico"," Gerhard Berger ","McLaren Honda","1:17.711"
"519",1992,"Brazil"," Riccardo Patrese ","Williams Renault","1:19.490"
"520",1992,"Spain"," Nigel Mansell ","Williams Renault","1:42.503"
"521",1992,"San Marino"," Riccardo Patrese ","Williams Renault","1:26.100"
"522",1992,"Monaco"," Nigel Mansell ","Williams Renault","1:21.598"
"523",1992,"Canada"," Gerhard Berger ","McLaren Honda","1:22.325"
"524",1992,"France"," Nigel Mansell ","Williams Renault","1:17.070"
"525",1992,"Great Britain"," Nigel Mansell ","Williams Renault","1:22.539"
"526",1992,"Germany"," Riccardo Patrese ","Williams Renault","1:41.591"
"527",1992,"Hungary"," Nigel Mansell ","Williams Renault","1:18.308"
"528",1992,"Belgium"," Michael Schumacher ","Benetton Ford","1:53.791"
"529",1992,"Italy"," Nigel Mansell ","Williams Renault","1:26.119"
"530",1992,"Portugal"," Ayrton Senna ","McLaren Honda","1:16.272"
"531",1992,"Japan"," Nigel Mansell ","Williams Renault","1:40.646"
"532",1992,"Australia"," Michael Schumacher ","Benetton Ford","1:16.078"
"533",1993,"South Africa"," Alain Prost ","Williams Renault","1:19.492"
"534",1993,"Brazil"," Michael Schumacher ","Benetton Ford","1:20.024"
"535",1993,"Europe"," Ayrton Senna ","McLaren Ford","1:18.029"
"536",1993,"San Marino"," Alain Prost ","Williams Renault","1:26.128"
"537",1993,"Spain"," Michael Schumacher ","Benetton Ford","1:20.989"
"538",1993,"Monaco"," Alain Prost ","Williams Renault","1:23.604"
"539",1993,"Canada"," Michael Schumacher ","Benetton Ford","1:21.500"
"540",1993,"France"," Michael Schumacher ","Benetton Ford","1:19.256"
"541",1993,"Great Britain"," Damon Hill ","Williams Renault","1:22.515"
"542",1993,"Germany"," Michael Schumacher ","Benetton Ford","1:41.859"
"543",1993,"Hungary"," Alain Prost ","Williams Renault","1:19.633"
"544",1993,"Belgium"," Alain Prost ","Williams Renault","1:51.095"
"545",1993,"Italy"," Damon Hill ","Williams Renault","1:23.575"
"546",1993,"Portugal"," Damon Hill ","Williams Renault","1:14.859"
"547",1993,"Japan"," Alain Prost ","Williams Renault","1:41.176"
"548",1993,"Australia"," Damon Hill ","Williams Renault","1:15.381"
"549",1994,"Brazil"," Michael Schumacher ","Benetton Ford","1:18.455"
"550",1994,"Pacific"," Michael Schumacher ","Benetton Ford","1:14.023"
"551",1994,"San Marino"," Damon Hill ","Williams Renault","1:24.335"
"552",1994,"Monaco"," Michael Schumacher ","Benetton Ford","1:21.076"
"553",1994,"Spain"," Michael Schumacher ","Benetton Ford","1:25.155"
"554",1994,"Canada"," Michael Schumacher ","Benetton Ford","1:28.927"
"555",1994,"France"," Damon Hill ","Williams Renault","1:19.678"
"556",1994,"Great Britain"," Damon Hill ","Williams Renault","1:27.100"
"557",1994,"Germany"," David Coulthard ","Williams Renault","1:46.211"
"558",1994,"Hungary"," Michael Schumacher ","Benetton Ford","1:20.881"
"559",1994,"Belgium"," Damon Hill ","Williams Renault","1:57.117"
"560",1994,"Italy"," Damon Hill ","Williams Renault","1:25.930"
"561",1994,"Portugal"," David Coulthard ","Williams Renault","1:22.446"
"562",1994,"Europe"," Michael Schumacher ","Benetton Ford","1:25.040"
"563",1994,"Japan"," Damon Hill ","Williams Renault","1:56.597"
"564",1994,"Australia"," Michael Schumacher ","Benetton Ford","1:17.140"
"565",1995,"Brazil"," Michael Schumacher ","Benetton Renault","1:20.921"
"566",1995,"Argentina"," Michael Schumacher ","Benetton Renault","1:30.522"
"567",1995,"San Marino"," Gerhard Berger ","Ferrari","1:29.568"
"568",1995,"Spain"," Damon Hill ","Williams Renault","1:24.531"
"569",1995,"Monaco"," Jean Alesi ","Ferrari","1:24.621"
"570",1995,"Canada"," Michael Schumacher ","Benetton Renault","1:29.174"
"571",1995,"France"," Michael Schumacher ","Benetton Renault","1:20.218"
"572",1995,"Great Britain"," Damon Hill ","Williams Renault","1:29.752"
"573",1995,"Germany"," Michael Schumacher ","Benetton Renault","1:48.824"
"574",1995,"Hungary"," Damon Hill ","Williams Renault","1:20.247"
"575",1995,"Belgium"," David Coulthard ","Williams Renault","1:53.412"
"576",1995,"Italy"," Gerhard Berger ","Ferrari","1:26.419"
"577",1995,"Portugal"," David Coulthard ","Williams Renault","1:23.220"
"578",1995,"Europe"," Michael Schumacher ","Benetton Renault","1:21.180"
"579",1995,"Pacific"," Michael Schumacher ","Benetton Renault","1:16.374"
"580",1995,"Japan"," Michael Schumacher ","Benetton Renault","1:42.976"
"581",1995,"Australia"," Damon Hill ","Williams Renault","1:17.943"
"582",1996,"Australia"," Jacques Villeneuve ","Williams Renault","1:33.421"
"583",1996,"Brazil"," Damon Hill ","Williams Renault","1:21.547"
"584",1996,"Argentina"," Jean Alesi ","Benetton Renault","1:29.413"
"585",1996,"Europe"," Damon Hill ","Williams Renault","1:21.363"
"586",1996,"San Marino"," Damon Hill ","Williams Renault","1:28.931"
"587",1996,"Monaco"," Jean Alesi ","Benetton Renault","1:25.205"
"588",1996,"Spain"," Michael Schumacher ","Ferrari","1:45.517"
"589",1996,"Canada"," Jacques Villeneuve ","Williams Renault","1:21.916"
"590",1996,"France"," Jacques Villeneuve ","Williams Renault","1:18.610"
"591",1996,"Great Britain"," Jacques Villeneuve ","Williams Renault","1:29.288"
"592",1996,"Germany"," Damon Hill ","Williams Renault","1:46.504"
"593",1996,"Hungary"," Damon Hill ","Williams Renault","1:20.093"
"594",1996,"Belgium"," Gerhard Berger ","Benetton Renault","1:53.067"
"595",1996,"Italy"," Michael Schumacher ","Ferrari","1:26.110"
"596",1996,"Portugal"," Jacques Villeneuve ","Williams Renault","1:22.873"
"597",1996,"Japan"," Jacques Villeneuve ","Williams Renault","1:44.043"
"598",1997,"Australia"," Heinz-Harald Frentzen ","Williams Renault","1:30.585"
"599",1997,"Brazil"," Jacques Villeneuve ","Williams Renault","1:18.397"
"600",1997,"Argentina"," Gerhard Berger ","Benetton Renault","1:27.981"
"601",1997,"San Marino"," Heinz-Harald Frentzen ","Williams Renault","1:25.531"
"602",1997,"Monaco"," Michael Schumacher ","Ferrari","1:53.315"
"603",1997,"Spain"," Giancarlo Fisichella ","Jordan Peugeot","1:22.242"
"604",1997,"Canada"," David Coulthard ","McLaren Mercedes","1:19.635"
"605",1997,"France"," Michael Schumacher ","Ferrari","1:17.910"
"606",1997,"Great Britain"," Michael Schumacher ","Ferrari","1:24.475"
"607",1997,"Germany"," Gerhard Berger ","Benetton Renault","1:45.747"
"608",1997,"Hungary"," Heinz-Harald Frentzen ","Williams Renault","1:18.372"
"609",1997,"Belgium"," Jacques Villeneuve ","Williams Renault","1:52.692"
"610",1997,"Italy"," Mika Hakkinen ","McLaren Mercedes","1:24.808"
"611",1997,"Austria"," Jacques Villeneuve ","Williams Renault","1:11.814"
"612",1997,"Luxembourg"," Heinz-Harald Frentzen ","Williams Renault","1:18.805"
"613",1997,"Japan"," Heinz-Harald Frentzen ","Williams Renault","1:38.942"
"614",1997,"Europe"," Heinz-Harald Frentzen ","Williams Renault","1:23.135"
"615",1998,"Australia"," Mika Hakkinen ","McLaren Mercedes","1:31.649"
"616",1998,"Brazil"," Mika Hakkinen ","McLaren Mercedes","1:19.337"
"617",1998,"Argentina"," Alexander Wurz ","Benetton Playlife","1:28.179"
"618",1998,"San Marino"," Michael Schumacher ","Ferrari","1:29.345"
"619",1998,"Spain"," Mika Hakkinen ","McLaren Mercedes","1:24.275"
"620",1998,"Monaco"," Mika Hakkinen ","McLaren Mercedes","1:22.948"
"621",1998,"Canada"," Michael Schumacher ","Ferrari","1:19.379"
"622",1998,"France"," David Coulthard ","McLaren Mercedes","1:17.523"
"623",1998,"Great Britain"," Michael Schumacher ","Ferrari","1:35.704"
"624",1998,"Austria"," David Coulthard ","McLaren Mercedes","1:12.878"
"625",1998,"Germany"," David Coulthard ","McLaren Mercedes","1:46.116"
"626",1998,"Hungary"," Michael Schumacher ","Ferrari","1:19.286"
"627",1998,"Belgium"," Michael Schumacher ","Ferrari","2:03.766"
"628",1998,"Italy"," Mika Hakkinen ","McLaren Mercedes","1:25.139"
"629",1998,"Luxembourg"," Mika Hakkinen ","McLaren Mercedes","1:20.450"
"630",1998,"Japan"," Michael Schumacher ","Ferrari","1:40.190"
"631",1999,"Australia"," Michael Schumacher ","Ferrari","1:32.112"
"632",1999,"Brazil"," Mika Hakkinen ","McLaren Mercedes","1:18.448"
"633",1999,"San Marino"," Michael Schumacher ","Ferrari","1:28.547"
"634",1999,"Monaco"," Mika Hakkinen ","McLaren Mercedes","1:22.259"
"635",1999,"Spain"," Michael Schumacher ","Ferrari","1:24.982"
"636",1999,"Canada"," Eddie Irvine ","Ferrari","1:20.382"
"637",1999,"France"," David Coulthard ","McLaren Mercedes","1:19.227"
"638",1999,"Great Britain"," Mika Hakkinen ","McLaren Mercedes","1:28.309"
"639",1999,"Austria"," Mika Hakkinen ","McLaren Mercedes","1:12.107"
"640",1999,"Germany"," David Coulthard ","McLaren Mercedes","1:45.270"
"641",1999,"Hungary"," David Coulthard ","McLaren Mercedes","1:20.699"
"642",1999,"Belgium"," Mika Hakkinen ","McLaren Mercedes","1:53.955"
"643",1999,"Italy"," Ralf Schumacher ","Williams Supertec","1:25.579"
"644",1999,"Europe"," Mika Hakkinen ","McLaren Mercedes","1:21.282"
"645",1999,"Malaysia"," Heinz-Harald Frentzen ","Jordan Mugen Honda","1:40.631"
"646",1999,"Japan"," Michael Schumacher ","Ferrari","1:41.319"
"647",2000,"Australia"," Rubens Barrichello ","Ferrari","1:31.481"
"648",2000,"Brazil"," Michael Schumacher ","Ferrari","1:14.755"
"649",2000,"San Marino"," Mika Hakkinen ","McLaren Mercedes","1:26.523"
"650",2000,"Great Britain"," Mika Hakkinen ","McLaren Mercedes","1:26.217"
"651",2000,"Spain"," Mika Hakkinen ","McLaren Mercedes","1:24.470"
"652",2000,"Europe"," Michael Schumacher ","Ferrari","1:22.269"
"653",2000,"Monaco"," Mika Hakkinen ","McLaren Mercedes","1:21.571"
"654",2000,"Canada"," Mika Hakkinen ","McLaren Mercedes","1:19.049"
"655",2000,"France"," David Coulthard ","McLaren Mercedes","1:19.479"
"656",2000,"Austria"," David Coulthard ","McLaren Mercedes","1:11.783"
"657",2000,"Germany"," Rubens Barrichello ","Ferrari","1:44.300"
"658",2000,"Hungary"," Mika Hakkinen ","McLaren Mercedes","1:20.028"
"659",2000,"Belgium"," Rubens Barrichello ","Ferrari","1:53.803"
"660",2000,"Italy"," Mika Hakkinen ","McLaren Mercedes","1:25.595"
"661",2000,"United States  "," David Coulthard ","McLaren Mercedes","1:14.711"
"662",2000,"Japan"," Mika Hakkinen ","McLaren Mercedes","1:39.189"
"663",2000,"Malaysia"," Mika Hakkinen ","McLaren Mercedes","1:38.543"
"664",2001,"Australia"," Michael Schumacher ","Ferrari","1:28.214"
"665",2001,"Malaysia"," Mika Hakkinen ","McLaren Mercedes","1:40.962"
"666",2001,"Brazil"," Ralf Schumacher ","Williams BMW","1:15.693"
"667",2001,"San Marino"," Ralf Schumacher ","Williams BMW","1:25.524"
"668",2001,"Spain"," Michael Schumacher ","Ferrari","1:21.151"
"669",2001,"Austria"," David Coulthard ","McLaren Mercedes","1:10.843"
"670",2001,"Monaco"," David Coulthard ","McLaren Mercedes","1:19.424"
"671",2001,"Canada"," Ralf Schumacher ","Williams BMW","1:17.205"
"672",2001,"Europe"," Juan Pablo Montoya ","Williams BMW","1:18.354"
"673",2001,"France"," David Coulthard ","McLaren Mercedes","1:16.088"
"674",2001,"Great Britain"," Mika Hakkinen ","McLaren Mercedes","1:23.405"
"675",2001,"Germany"," Juan Pablo Montoya ","Williams BMW","1:41.808"
"676",2001,"Hungary"," Mika Hakkinen ","McLaren Mercedes","1:16.723"
"677",2001,"Belgium"," Michael Schumacher ","Ferrari","1:49.758"
"678",2001,"Italy"," Ralf Schumacher ","Williams BMW","1:25.073"
"679",2001,"United States "," Juan Pablo Montoya ","Williams BMW","1:14.448"
"680",2001,"Japan"," Ralf Schumacher ","Williams BMW","1:36.944"
"681",2002,"Australia"," Kimi Räikkönen ","McLaren Mercedes","1:28.541"
"682",2002,"Malaysia"," Juan Pablo Montoya ","Williams BMW","1:38.049"
"683",2002,"Brazil"," Juan Pablo Montoya ","Williams BMW","1:16.079"
"684",2002,"San Marino"," Rubens Barrichello ","Ferrari","1:24.170"
"685",2002,"Spain"," Michael Schumacher ","Ferrari","1:20.355"
"686",2002,"Austria"," Michael Schumacher ","Ferrari","1:09.298"
"687",2002,"Monaco"," Rubens Barrichello ","Ferrari","1:18.023"
"688",2002,"Canada"," Juan Pablo Montoya ","Williams BMW","1:15.960"
"689",2002,"Europe"," Michael Schumacher ","Ferrari","1:32.226"
"690",2002,"Great Britain"," Rubens Barrichello ","Ferrari","1:23.083"
"691",2002,"France"," David Coulthard ","McLaren Mercedes","1:15.045"
"692",2002,"Germany"," Michael Schumacher ","Ferrari","1:16.462"
"693",2002,"Hungary"," Michael Schumacher ","Ferrari","1:16.207"
"694",2002,"Belgium"," Michael Schumacher ","Ferrari","1:47.176"
"695",2002,"Italy"," Rubens Barrichello ","Ferrari","1:23.657"
"696",2002,"United States "," Rubens Barrichello ","Ferrari","1:12.738"
"697",2002,"Japan"," Michael Schumacher ","Ferrari","1:36.125"
"698",2003,"Australia"," Kimi Räikkönen ","McLaren Mercedes","1:27.724"
"699",2003,"Malaysia"," Michael Schumacher ","Ferrari","1:36.412"
"700",2003,"Brazil"," Rubens Barrichello ","Ferrari","1:22.032"
"701",2003,"San Marino"," Michael Schumacher ","Ferrari","1:22.491"
"702",2003,"Spain"," Rubens Barrichello ","Ferrari","1:20.143"
"703",2003,"Austria"," Michael Schumacher ","Ferrari","1:08.337"
"704",2003,"Monaco"," Kimi Räikkönen ","McLaren Mercedes","1:14.545"
"705",2003,"Canada"," Fernando Alonso ","Renault","1:16.040"
"706",2003,"Europe"," Kimi Räikkönen ","McLaren Mercedes","1:32.621"
"707",2003,"France"," Juan Pablo Montoya ","Williams BMW","1:15.512"
"708",2003,"Great Britain"," Rubens Barrichello ","Ferrari","1:22.236"
"709",2003,"Germany"," Juan Pablo Montoya ","Williams BMW","1:14.917"
"710",2003,"Hungary"," Juan Pablo Montoya ","Williams BMW","1:22.095"
"711",2003,"Italy"," Michael Schumacher ","Ferrari","1:21.832"
"712",2003,"United States "," Michael Schumacher ","Ferrari","1:11.473"
"713",2003,"Japan"," Ralf Schumacher ","Williams BMW","1:33.408"
"714",2004,"Australia"," Michael Schumacher ","Ferrari","1:24.125"
"715",2004,"Malaysia"," Juan Pablo Montoya ","Williams BMW","1:34.223"
"716",2004,"Bahrain"," Michael Schumacher ","Ferrari","1:30.252"
"717",2004,"San Marino"," Michael Schumacher ","Ferrari","1:20.411"
"718",2004,"Spain"," Michael Schumacher ","Ferrari","1:17.450"
"719",2004,"Monaco"," Michael Schumacher ","Ferrari","1:14.439"
"720",2004,"Europe"," Michael Schumacher ","Ferrari","1:29.468"
"721",2004,"Canada"," Rubens Barrichello ","Ferrari","1:13.622"
"722",2004,"United States "," Rubens Barrichello ","Ferrari","1:10.399"
"723",2004,"France"," Michael Schumacher ","Ferrari","1:15.377"
"724",2004,"Great Britain"," Michael Schumacher ","Ferrari","1:18.739"
"725",2004,"Germany"," Kimi Räikkönen ","McLaren Mercedes","1:13.780"
"726",2004,"Hungary"," Michael Schumacher ","Ferrari","1:19.071"
"727",2004,"Belgium"," Kimi Räikkönen ","McLaren Mercedes","1:45.108"
"728",2004,"Italy"," Rubens Barrichello ","Ferrari","1:21.046"
"729",2004,"China"," Michael Schumacher ","Ferrari","1:32.238"
"730",2004,"Japan"," Rubens Barrichello ","Ferrari","1:32.730"
"731",2004,"Brazil"," Juan Pablo Montoya ","Williams BMW","1:11.473"
"732",2005,"Australia"," Fernando Alonso ","Renault","1:25.683"
"733",2005,"Malaysia"," Kimi Räikkönen ","McLaren Mercedes","1:35.483"
"734",2005,"Bahrain"," Pedro de la Rosa ","McLaren Mercedes","1:31.447"
"735",2005,"San Marino"," Michael Schumacher ","Ferrari","1:21.858"
"736",2005,"Spain"," Giancarlo Fisichella ","Renault","1:15.641"
"737",2005,"Monaco"," Michael Schumacher ","Ferrari","1:15.842"
"738",2005,"Europe"," Fernando Alonso ","Renault","1:30.711"
"739",2005,"Canada"," Kimi Räikkönen ","McLaren Mercedes","1:14.384"
"740",2005,"United States "," Michael Schumacher ","Ferrari","1:11.497"
"741",2005,"France"," Kimi Räikkönen ","McLaren Mercedes","1:16.423"
"742",2005,"Great Britain"," Kimi Räikkönen ","McLaren Mercedes","1:20.502"
"743",2005,"Germany"," Kimi Räikkönen ","McLaren Mercedes","1:14.873"
"744",2005,"Hungary"," Kimi Räikkönen ","McLaren Mercedes","1:21.219"
"745",2005,"Turkey"," Juan Pablo Montoya ","McLaren Mercedes","1:24.770"
"746",2005,"Italy"," Kimi Räikkönen ","McLaren Mercedes","1:21.504"
"747",2005,"Belgium"," Ralf Schumacher ","Toyota","1:51.453"
"748",2005,"Brazil"," Kimi Räikkönen ","McLaren Mercedes","1:12.268"
"749",2005,"Japan"," Kimi Räikkönen ","McLaren Mercedes","1:31.540"
"750",2005,"China"," Kimi Räikkönen ","McLaren Mercedes","1:33.242"
"751",2006,"Bahrain"," Nico Rosberg ","Williams Cosworth","1:32.408"
"752",2006,"Malaysia"," Fernando Alonso ","Renault","1:34.803"
"753",2006,"Australia"," Kimi Räikkönen ","McLaren Mercedes","1:26.045"
"754",2006,"San Marino"," Fernando Alonso ","Renault","1:24.569"
"755",2006,"Europe"," Michael Schumacher ","Ferrari","1:32.099"
"756",2006,"Spain"," Felipe Massa ","Ferrari","1:16.648"
"757",2006,"Monaco"," Michael Schumacher ","Ferrari","1:15.143"
"758",2006,"Great Britain"," Fernando Alonso ","Renault","1:21.599"
"759",2006,"Canada"," Kimi Räikkönen ","McLaren Mercedes","1:15.841"
"760",2006,"United States "," Michael Schumacher ","Ferrari","1:12.719"
"761",2006,"France"," Michael Schumacher ","Ferrari","1:17.111"
"762",2006,"Germany"," Michael Schumacher ","Ferrari","1:16.357"
"763",2006,"Hungary"," Felipe Massa ","Ferrari","1:23.516"
"764",2006,"Turkey"," Michael Schumacher ","Ferrari","1:28.005"
"765",2006,"Italy"," Kimi Räikkönen ","McLaren Mercedes","1:22.559"
"766",2006,"China"," Fernando Alonso ","Renault","1:37.586"
"767",2006,"Japan"," Fernando Alonso ","Renault","1:32.676"
"768",2006,"Brazil"," Michael Schumacher ","Ferrari","1:12.162"
"769",2007,"Australia"," Kimi Räikkönen ","Ferrari","1:25.235"
"770",2007,"Malaysia"," Lewis Hamilton ","McLaren Mercedes","1:36.701"
"771",2007,"Bahrain"," Felipe Massa ","Ferrari","1:34.067"
"772",2007,"Spain"," Felipe Massa ","Ferrari","1:22.680"
"773",2007,"Monaco"," Fernando Alonso ","McLaren Mercedes","1:15.284"
"774",2007,"Canada"," Fernando Alonso ","McLaren Mercedes","1:16.367"
"775",2007,"United States "," Kimi Räikkönen ","Ferrari","1:13.117"
"776",2007,"France"," Felipe Massa ","Ferrari","1:16.099"
"777",2007,"Great Britain"," Kimi Räikkönen ","Ferrari","1:20.638"
"778",2007,"Europe"," Felipe Massa ","Ferrari","1:32.853"
"779",2007,"Hungary"," Kimi Räikkönen ","Ferrari","1:20.047"
"780",2007,"Turkey"," Kimi Räikkönen ","Ferrari","1:27.295"
"781",2007,"Italy"," Fernando Alonso ","McLaren Mercedes","1:22.871"
"782",2007,"Belgium"," Felipe Massa ","Ferrari","1:48.036"
"783",2007,"Japan"," Lewis Hamilton ","McLaren Mercedes","1:28.193"
"784",2007,"China"," Felipe Massa ","Ferrari","1:37.454"
"785",2007,"Brazil"," Kimi Räikkönen ","Ferrari","1:12.445"
"786",2008,"Australia"," Heikki Kovalainen ","McLaren Mercedes","1:27.418"
"787",2008,"Malaysia"," Nick Heidfeld ","Sauber BMW","1:35.366"
"788",2008,"Bahrain"," Heikki Kovalainen ","McLaren Mercedes","1:33.193"
"789",2008,"Spain"," Kimi Räikkönen ","Ferrari","1:21.670"
"790",2008,"Turkey"," Kimi Räikkönen ","Ferrari","1:26.506"
"791",2008,"Monaco"," Kimi Räikkönen ","Ferrari","1:16.689"
"792",2008,"Canada"," Kimi Räikkönen ","Ferrari","1:17.387"
"793",2008,"France"," Kimi Räikkönen ","Ferrari","1:16.630"
"794",2008,"Great Britain"," Kimi Räikkönen ","Ferrari","1:32.150"
"795",2008,"Germany"," Nick Heidfeld ","Sauber BMW","1:15.987"
"796",2008,"Hungary"," Kimi Räikkönen ","Ferrari","1:21.195"
"797",2008,"Europe"," Felipe Massa ","Ferrari","1:38.708"
"798",2008,"Belgium"," Kimi Räikkönen ","Ferrari","1:47.930"
"799",2008,"Italy"," Kimi Räikkönen ","Ferrari","1:28.047"
"800",2008,"Singapore"," Kimi Räikkönen ","Ferrari","1:45.599"
"801",2008,"Japan"," Felipe Massa ","Ferrari","1:18.426"
"802",2008,"China"," Lewis Hamilton ","McLaren Mercedes","1:36.325"
"803",2008,"Brazil"," Felipe Massa ","Ferrari","1:13.736"
"804",2009,"Australia"," Nico Rosberg ","Williams Toyota","1:27.706"
"805",2009,"Malaysia"," Jenson Button ","Brawn Mercedes","1:36.641"
"806",2009,"China"," Rubens Barrichello ","Brawn Mercedes","1:52.592"
"807",2009,"Bahrain"," Jarno Trulli ","Toyota","1:34.556"
"808",2009,"Spain"," Rubens Barrichello ","Brawn Mercedes","1:22.762"
"809",2009,"Monaco"," Felipe Massa ","Ferrari","1:15.154"
"810",2009,"Turkey"," Jenson Button ","Brawn Mercedes","1:27.579"
"811",2009,"Great Britain"," Sebastian Vettel ","RBR Renault","1:20.735"
"812",2009,"Germany"," Fernando Alonso ","Renault","1:33.365"
"813",2009,"Hungary"," Mark Webber ","RBR Renault","1:21.931"
"814",2009,"Europe"," Timo Glock ","Toyota","1:38.683"
"815",2009,"Belgium"," Sebastian Vettel ","RBR Renault","1:47.263"
"816",2009,"Italy"," Adrian Sutil ","Force India Mercedes","1:24.739"
"817",2009,"Singapore"," Fernando Alonso ","Renault","1:48.240"
"818",2009,"Japan"," Mark Webber ","RBR Renault","1:32.569"
"819",2009,"Brazil"," Mark Webber ","RBR Renault","1:13.733"
"820",2009,"Abu Dhabi"," Sebastian Vettel ","RBR Renault","1:40.279"
"821",2010,"Bahrain"," Fernando Alonso ","Ferrari","1:58.287"
"822",2010,"Australia"," Mark Webber ","RBR Renault","1:28.358"
"823",2010,"Malaysia"," Mark Webber ","RBR Renault","1:37.054"
"824",2010,"China"," Lewis Hamilton ","McLaren Mercedes","1:42.061"
"825",2010,"Spain"," Lewis Hamilton ","McLaren Mercedes","1:24.357"
"826",2010,"Monaco"," Sebastian Vettel ","RBR Renault","1:15.192"
"827",2010,"Turkey"," Vitaly Petrov ","Renault","1:29.165"
"828",2010,"Canada"," Robert Kubica ","Renault","1:16.972"
"829",2010,"Europe"," Jenson Button ","McLaren Mercedes","1:38.766"
"830",2010,"Great Britain"," Fernando Alonso ","Ferrari","1:30.874"
"831",2010,"Germany"," Sebastian Vettel ","RBR Renault","1:15.824"
"832",2010,"Hungary"," Sebastian Vettel ","RBR Renault","1:22.362"
"833",2010,"Belgium"," Lewis Hamilton ","McLaren Mercedes","1:49.069"
"834",2010,"Italy"," Fernando Alonso ","Ferrari","1:24.139"
"835",2010,"Singapore"," Fernando Alonso ","Ferrari","1:47.976"
"836",2010,"Japan"," Mark Webber ","RBR Renault","1:33.474"
"837",2010,"South Korea"," Fernando Alonso ","Ferrari","1:50.257"
"838",2010,"Brazil"," Lewis Hamilton ","McLaren Mercedes","1:13.851"
"839",2010,"Abu Dhabi"," Lewis Hamilton ","McLaren Mercedes","1:41.274"
"840",2011,"Australia"," Felipe Massa ","Ferrari","1:28.947"
"841",2011,"Malaysia"," Mark Webber ","Red Bull Racing Renault","1:40.571"
"842",2011,"China"," Mark Webber ","Red Bull Racing Renault","1:38.993"
"843",2011,"Turkey"," Mark Webber ","Red Bull Racing Renault","1:29.703"
"844",2011,"Spain"," Lewis Hamilton ","McLaren Mercedes","1:26.727"
"845",2011,"Monaco"," Mark Webber ","Red Bull Racing Renault","1:16.234"
"846",2011,"Canada"," Jenson Button ","McLaren Mercedes","1:16.956"
"847",2011,"Europe"," Sebastian Vettel ","Red Bull Racing Renault","1:41.852"
"848",2011,"Great Britain"," Fernando Alonso ","Ferrari","1:34.908"
"849",2011,"Germany"," Lewis Hamilton ","McLaren Mercedes","1:34.302"
"850",2011,"Hungary"," Felipe Massa ","Ferrari","1:23.415"
"851",2011,"Belgium"," Mark Webber ","Red Bull Racing Renault","1:49.883"
"852",2011,"Italy"," Lewis Hamilton ","McLaren Mercedes","1:26.187"
"853",2011,"Singapore"," Jenson Button ","McLaren Mercedes","1:48.454"
"854",2011,"Japan"," Jenson Button ","McLaren Mercedes","1:36.568"
"855",2011,"South Korea"," Sebastian Vettel ","Red Bull Racing Renault","1:39.605"
"856",2011,"India"," Sebastian Vettel ","Red Bull Racing Renault","1:27.249"
"857",2011,"Abu Dhabi"," Mark Webber ","Red Bull Racing Renault","1:42.612"
"858",2011,"Brazil"," Mark Webber ","Red Bull Racing Renault","1:15.324"
"859",2012,"Australia"," Jenson Button ","McLaren Mercedes","1:29.187"
"860",2012,"Malaysia"," Kimi Räikkönen ","Lotus Renault","1:40.722"
"861",2012,"China"," Kamui Kobayashi ","Sauber Ferrari","1:39.960"
"862",2012,"Bahrain"," Sebastian Vettel ","Red Bull Racing Renault","1:36.379"
"863",2012,"Spain"," Romain Grosjean ","Lotus Renault","1:26.250"
"864",2012,"Monaco"," Sergio Perez ","Sauber Ferrari","1:17.296"
"865",2012,"Canada"," Sebastian Vettel ","Red Bull Racing Renault","1:15.752"
"866",2012,"Europe"," Nico Rosberg ","Mercedes","1:42.163"
"867",2012,"Great Britain"," Kimi Räikkönen ","Lotus Renault","1:34.661"
"868",2012,"Germany"," Michael Schumacher ","Mercedes","1:18.725"
"869",2012,"Hungary"," Sebastian Vettel ","Red Bull Racing Renault","1:24.136"
"870",2012,"Belgium"," Bruno Senna ","Williams Renault","1:52.822"
"871",2012,"Italy"," Nico Rosberg ","Mercedes","1:27.239"
"872",2012,"Singapore"," Nico Hulkenberg ","Force India Mercedes","1:51.033"
"873",2012,"Japan"," Sebastian Vettel ","Red Bull Racing Renault","1:35.774"
"874",2012,"South Korea"," Mark Webber ","Red Bull Racing Renault","1:42.037"
"875",2012,"India"," Jenson Button ","McLaren Mercedes","1:28.203"
"876",2012,"Abu Dhabi"," Sebastian Vettel ","Red Bull Racing Renault","1:43.964"
"877",2012,"United States  "," Sebastian Vettel ","Red Bull Racing Renault","1:39.347"
"878",2012,"Brazil"," Lewis Hamilton ","McLaren Mercedes","1:18.069"
"879",2013,"Australia"," Kimi Räikkönen ","Lotus Renault","1:29.274"
"880",2013,"Malaysia"," Sergio Perez ","McLaren Mercedes","1:39.199"
"881",2013,"China"," Sebastian Vettel ","Red Bull Racing Renault","1:36.808"
"882",2013,"Bahrain"," Sebastian Vettel ","Red Bull Racing Renault","1:36.961"
"883",2013,"Spain"," Esteban Gutierrez  ","Sauber Ferrari","1:26.217"
"884",2013,"Monaco"," Sebastian Vettel ","Red Bull Racing Renault","1:16.577"
"885",2013,"Canada"," Mark Webber ","Red Bull Racing Renault","1:16.182"
"886",2013,"Great Britain"," Mark Webber ","Red Bull Racing Renault","1:33.401"
"887",2013,"Germany"," Fernando Alonso ","Ferrari","1:33.468"
"888",2013,"Hungary"," Mark Webber ","Red Bull Racing Renault","1:24.069"
"889",2013,"Belgium"," Sebastian Vettel ","Red Bull Racing Renault","1:50.756"
"890",2013,"Italy"," Lewis Hamilton ","Mercedes","1:25.849"
"891",2013,"Singapore"," Sebastian Vettel ","Red Bull Racing Renault","1:48.574"
"892",2013,"South Korea"," Sebastian Vettel ","Red Bull Racing Renault","1:41.380"
"893",2013,"Japan"," Mark Webber ","Red Bull Racing Renault","1:34.587"
"894",2013,"India"," Kimi Räikkönen ","Lotus Renault","1:27.679"
"895",2013,"Abu Dhabi"," Fernando Alonso ","Ferrari","1:43.434"
"896",2013,"United States "," Sebastian Vettel ","Red Bull Racing Renault","1:39.856"
"897",2013,"Brazil"," Mark Webber ","Red Bull Racing Renault","1:15.436"
"898",2014,"Australia"," Nico Rosberg ","Mercedes","1:32.478"
"899",2014,"Malaysia"," Lewis Hamilton ","Mercedes","1:43.066"
"900",2014,"Bahrain"," Nico Rosberg ","Mercedes","1:37.020"
"901",2014,"China"," Nico Rosberg ","Mercedes","1:40.402"
"902",2014,"Spain"," Sebastian Vettel ","Red Bull Racing Renault","1:28.918"
"903",2014,"Monaco"," Kimi Räikkönen ","Ferrari","1:18.479"
"904",2014,"Canada"," Felipe Massa ","Williams Mercedes","1:18.504"
"905",2014,"Austria"," Sergio Perez ","Force India Mercedes","1:12.142"
"906",2014,"Great Britain"," Lewis Hamilton ","Mercedes","1:37.176"
"907",2014,"Germany"," Lewis Hamilton ","Mercedes","1:19.908"
"908",2014,"Hungary"," Nico Rosberg ","Mercedes","1:25.724"
"909",2014,"Belgium"," Nico Rosberg ","Mercedes","1:50.511"
"910",2014,"Italy"," Lewis Hamilton ","Mercedes","1:28.004"
"911",2014,"Singapore"," Lewis Hamilton ","Mercedes","1:50.417"
"912",2014,"Japan"," Lewis Hamilton ","Mercedes","1:51.600"
"913",2014,"Russia"," Valtteri Bottas ","Williams Mercedes","1:40.896"
"914",2014,"United States "," Sebastian Vettel ","Red Bull Racing Renault","1:41.379"
"915",2014,"Brazil"," Lewis Hamilton ","Mercedes","1:13.555"
"916",2014,"Abu Dhabi"," Daniel Ricciardo ","Red Bull Racing Renault","1:44.496"
"917",2015,"Australia"," Lewis Hamilton ","Mercedes","1:30.945"
"918",2015,"Malaysia"," Nico Rosberg ","Mercedes","1:42.062"
"919",2015,"China"," Lewis Hamilton ","Mercedes","1:42.208"
"920",2015,"Bahrain"," Kimi Räikkönen ","Ferrari","1:36.311"
"921",2015,"Spain"," Lewis Hamilton ","Mercedes","1:28.270"
"922",2015,"Monaco"," Daniel Ricciardo ","Red Bull Racing Renault","1:18.063"
"923",2015,"Canada"," Kimi Räikkönen ","Ferrari","1:16.987"
"924",2015,"Austria"," Nico Rosberg ","Mercedes","1:11.235"
"925",2015,"Great Britain"," Lewis Hamilton ","Mercedes","1:37.093"
"926",2015,"Hungary"," Daniel Ricciardo ","Red Bull Racing Renault","1:24.821"
"927",2015,"Belgium"," Nico Rosberg ","Mercedes","1:52.416"
"928",2015,"Italy"," Lewis Hamilton ","Mercedes","1:26.672"
"929",2015,"Singapore"," Daniel Ricciardo ","Red Bull Racing Renault","1:50.041"
"930",2015,"Japan"," Lewis Hamilton ","Mercedes","1:36.145"
"931",2015,"Russia"," Sebastian Vettel ","Ferrari","1:40.071"
"932",2015,"United States "," Nico Rosberg ","Mercedes","1:40.666"
"933",2015,"Mexico"," Nico Rosberg ","Mercedes","1:20.521"
"934",2015,"Brazil"," Lewis Hamilton ","Mercedes","1:14.832"
"935",2015,"Abu Dhabi"," Lewis Hamilton ","Mercedes","1:44.517"
"936",2016,"Australia"," Daniel Ricciardo ","Red Bull Racing TAG Heuer","1:28.997"
"937",2016,"Bahrain"," Nico Rosberg ","Mercedes","1:34.482"
"938",2016,"China"," Nico Hulkenberg ","Force India Mercedes","1:39.824"
"939",2016,"Russia"," Nico Rosberg ","Mercedes","1:39.094"
"940",2016,"Spain"," Daniil Kvyat ","Toro Rosso Ferrari","1:26.948"
"941",2016,"Monaco"," Lewis Hamilton ","Mercedes","1:17.939"
"942",2016,"Canada"," Nico Rosberg ","Mercedes","1:15.599"
"943",2016,"Europe"," Nico Rosberg ","Mercedes","1:46.485"
"944",2016,"Austria"," Lewis Hamilton ","Mercedes","1:08.411"
"945",2016,"Great Britain"," Nico Rosberg ","Mercedes","1:35.548"
"946",2016,"Hungary"," Kimi Räikkönen ","Ferrari","1:23.086"
"947",2016,"Germany"," Daniel Ricciardo ","Red Bull Racing TAG Heuer","1:18.442"
"948",2016,"Belgium"," Lewis Hamilton ","Mercedes","1:51.583"
"949",2016,"Italy"," Fernando Alonso ","McLaren Honda","1:25.340"
"950",2016,"Singapore"," Daniel Ricciardo ","Red Bull Racing TAG Heuer","1:47.187"
"951",2016,"Malaysia"," Nico Rosberg ","Mercedes","1:36.424"
"952",2016,"Japan"," Sebastian Vettel ","Ferrari","1:35.118"
"953",2016,"United States "," Sebastian Vettel ","Ferrari","1:39.877"
"954",2016,"Mexico"," Daniel Ricciardo ","Red Bull Racing TAG Heuer","1:21.134"
"955",2016,"Brazil"," Max Verstappen ","Red Bull Racing TAG Heuer","1:25.305"
"956",2016,"Abu Dhabi"," Sebastian Vettel ","Ferrari","1:43.729"
"957",2017,"Australia"," Kimi Räikkönen ","Ferrari","1:26.538"
"958",2017,"China"," Lewis Hamilton ","Mercedes","1:35.378"
"959",2017,"Bahrain"," Lewis Hamilton ","Mercedes","1:32.798"
"960",2017,"Russia"," Kimi Räikkönen ","Ferrari","1:36.844"
"961",2017,"Spain"," Lewis Hamilton ","Mercedes","1:23.593"
"962",2017,"Monaco"," Sergio Perez ","Force India Mercedes","1:14.820"
"963",2017,"Canada"," Lewis Hamilton ","Mercedes","1:14.551"
"964",2017,"Azerbaijan"," Sebastian Vettel ","Ferrari","1:43.441"
"965",2017,"Austria"," Lewis Hamilton ","Mercedes","1:07.411"
"966",2017,"Great Britain"," Lewis Hamilton ","Mercedes","1:30.621"
"967",2017,"Hungary"," Fernando Alonso ","McLaren Honda","1:20.182"
"968",2017,"Belgium"," Sebastian Vettel ","Ferrari","1:46.577"
"969",2017,"Italy"," Daniel Ricciardo ","Red Bull Racing TAG Heuer","1:23.361"
"970",2017,"Singapore"," Lewis Hamilton ","Mercedes","1:45.008"
"971",2017,"Malaysia"," Sebastian Vettel ","Ferrari","1:34.080"
"972",2017,"Japan"," Valtteri Bottas ","Mercedes","1:33.144"
"973",2017,"United States "," Sebastian Vettel ","Ferrari","1:37.766"
"974",2017,"Mexico"," Sebastian Vettel ","Ferrari","1:18.785"
"975",2017,"Brazil"," Max Verstappen ","Red Bull Racing TAG Heuer","1:11.044"
"976",2017,"Abu Dhabi"," Valtteri Bottas ","Mercedes","1:40.650"
"977",2018,"Australia"," Daniel Ricciardo ","Red Bull Racing TAG Heuer","1:25.945"
"978",2018,"Bahrain"," Valtteri Bottas ","Mercedes","1:33.740"
"979",2018,"China"," Daniel Ricciardo ","Red Bull Racing TAG Heuer","1:35.785"
"980",2018,"Azerbaijan"," Valtteri Bottas ","Mercedes","1:45.149"
"981",2018,"Spain"," Daniel Ricciardo ","Red Bull Racing TAG Heuer","1:18.441"
"982",2018,"Monaco"," Max Verstappen ","Red Bull Racing TAG Heuer","1:14.260"
"983",2018,"Canada"," Max Verstappen ","Red Bull Racing TAG Heuer","1:13.864"
"984",2018,"France"," Valtteri Bottas ","Mercedes","1:34.225"
"985",2018,"Austria"," Kimi Räikkönen ","Ferrari","1:06.957"
"986",2018,"Great Britain"," Sebastian Vettel ","Ferrari","1:30.696"
"987",2018,"Germany"," Lewis Hamilton ","Mercedes","1:15.545"
"988",2018,"Hungary"," Daniel Ricciardo ","Red Bull Racing TAG Heuer","1:20.012"
"989",2018,"Belgium"," Valtteri Bottas ","Mercedes","1:46.286"
"990",2018,"Italy"," Lewis Hamilton ","Mercedes","1:22.497"
"991",2018,"Singapore"," Kevin Magnussen ","Haas Ferrari","1:41.905"
"992",2018,"Russia"," Valtteri Bottas ","Mercedes","1:35.861"
"993",2018,"Japan"," Sebastian Vettel ","Ferrari","1:32.318"
"994",2018,"United States "," Lewis Hamilton ","Mercedes","1:37.392"
"995",2018,"Mexico"," Valtteri Bottas ","Mercedes","1:18.741"
"996",2018,"Brazil"," Valtteri Bottas ","Mercedes","1:10.540"
"997",2018,"Abu Dhabi"," Sebastian Vettel ","Ferrari","1:40.867"
"998",2019,"Australia"," Valtteri Bottas ","Mercedes","1:25.580"
"999",2019,"Bahrain"," Charles Leclerc ","Ferrari","1:33.411"
"1000",2019,"China"," Pierre Gasly ","Red Bull Racing Honda","1:34.742"
"1001",2019,"Azerbaijan"," Charles Leclerc ","Ferrari","1:43.009"
"1002",2019,"Spain"," Lewis Hamilton ","Mercedes","1:18.492"
"1003",2019,"Monaco"," Pierre Gasly ","Red Bull Racing Honda","1:14.279"
"1004",2019,"Canada"," Valtteri Bottas ","Mercedes","1:13.078"
"1005",2019,"France"," Sebastian Vettel ","Ferrari","1:32.740"
"1006",2019,"Austria"," Max Verstappen ","Red Bull Racing Honda","1:07.475"
"1007",2019,"Great Britain"," Lewis Hamilton ","Mercedes","1:27.369"
"1008",2019,"Germany"," Max Verstappen ","Red Bull Racing Honda","1:16.645"
"1009",2019,"Hungary"," Max Verstappen ","Red Bull Racing Honda","1:17.103"
"1010",2019,"Belgium"," Sebastian Vettel ","Ferrari","1:46.409"
"1011",2019,"Italy"," Lewis Hamilton ","Mercedes","1:21.779"
"1012",2019,"Singapore"," Kevin Magnussen ","Haas Ferrari","1:42.301"
"1013",2019,"Russia"," Lewis Hamilton ","Mercedes","1:35.761"
"1014",2019,"Japan"," Lewis Hamilton ","Mercedes","1:30.983"
"1015",2019,"Mexico"," Charles Leclerc ","Ferrari","1:19.232"
"1016",2019,"United States "," Charles Leclerc ","Ferrari","1:36.169"
"1017",2019,"Brazil"," Valtteri Bottas ","Mercedes","1:10.698"
"1018",2019,"Abu Dhabi"," Lewis Hamilton ","Mercedes","1:39.283"
"1019",2020,"Austria"," Lando Norris ","McLaren Renault","1:07.475"
"1020",2020,"Styria"," Carlos Sainz ","McLaren Renault","1:05.619"
"1021",2020,"Hungary"," Lewis Hamilton ","Mercedes","1:16.627"
"1022",2020,"Great Britain"," Max Verstappen ","Red Bull Racing Honda","1:27.097"
"1023",2020,"70th Anniversary"," Lewis Hamilton ","Mercedes","1:28.451"
"1024",2020,"Spain"," Valtteri Bottas ","Mercedes","1:18.183"
"1025",2020,"Belgium"," Daniel Ricciardo ","Renault","1:47.483"
"1026",2020,"Italy"," Lewis Hamilton ","Mercedes","1:22.746"
"1027",2020,"Tuscany"," Lewis Hamilton ","Mercedes","1:18.833"
"1028",2020,"Russia"," Valtteri Bottas ","Mercedes","1:37.030"
"1029",2020,"Eifel"," Max Verstappen ","Red Bull Racing Honda","1:28.139"
"1030",2020,"Portugal"," Lewis Hamilton ","Mercedes","1:18.750"
"1031",2020,"Emilia Romagna"," Lewis Hamilton ","Mercedes","1:15.484"
"1032",2020,"Turkey"," Lando Norris ","McLaren Renault","1:36.806"
"1033",2020,"Bahrain"," Max Verstappen ","Red Bull Racing Honda","1:32.014"
"1034",2020,"Sakhir"," George Russell ","Mercedes","55.404"
"1035",2020,"Abu Dhabi"," Daniel Ricciardo ","Renault","1:40.926"
